合并状态,source_page,pdf_page,词条,OCR行号,OCR页码,OCR汉字,VLM_IPA,OCR_IPA,IPA完全相同,IPA数字相同,IPA音段相同,IPA只有数字不同,IPA相似度,VLM吴拼_由IPA反推,OCR吴拼,吴拼完全相同,吴拼数字相同,吴拼字母相同,吴拼只有数字不同,吴拼相似度,VLM吴拼反推状态,VLM_IPA来源,VLM_原始IPA字段,VLM_ipa_raw,VLM置信度,VLM备注,OCR后续汉字
两边都有,259,137,小说,0,259,小说,ɕiɒ335seʔ54,ɕiɒ335seʔ54,是,是,是,否,1.0,shiau335seq54,shiau335seq54,是,是,是,否,1.0,ok,syllables_json.final,iɒ335seʔ54,ɕiɔ335seʔ54,0.9,,小说~io135se?11
两边都有,259,137,影戏,4,259,影戏,iŋ335ɕi52,iŋ335ɕi52,是,是,是,否,1.0,in335shi52,in335shi52,是,是,是,否,1.0,ok,syllables_json.final,iŋ335ɕi52,iŋ335ɕi52,0.9,,影戏i1)3.\飞i~~
两边都有,259,137,炮仗,26,259,炮仗,pʰɒ33dzaŋ33,pʰɒ33dzaŋ33,是,是,是,否,1.0,phau33dzan33,phau33dzan33,是,是,是,否,1.0,ok,syllables_json.final,pʰɒ33dzaŋ33,pʰɒ33dzaŋ33,0.9,,炮仗p~33dzaIJ阴
两边都有,259,137,烟火,28,259,烟火,iẽ33hu55,iẽ33hu55,是,是,是,否,1.0,ien33hu55,ien33hu55,是,是,是,否,1.0,ok,syllables_json.final,iẽ33hu55,iẽ33hu55,0.9,,烟火i睬hu穸焰火。
两边都有,259,137,照片,22,259,照片,tsɒ33pʰiẽ33,tsɒ33pʰiẽ33,是,是,是,否,1.0,tsau33phien33,tsau33phien33,是,是,是,否,1.0,ok,syllables_json.final,tsɒ33pʰiẽ33,tsɒ33pʰiẽ33,0.9,,照片tso33p哏.l.l
两边都有,259,137,电影,3,259,电影,diẽ11iŋ11,diẽ11iŋ11,是,是,是,否,1.0,dien11in11,dien11in11,是,是,是,否,1.0,ok,syllables_json.final,diẽ11iŋ11,diẽ11iŋ11,0.9,,电影die11i1J铲
两边都有,259,137,舞,6,259,舞,ɦu231,ɦu231,是,是,是,否,1.0,wu231,wu231,是,是,是,否,1.0,ok,syllables_json.final,ɦu231,ɦu231,0.9,,舞6u231
两边都有,260,138,喇叭,43,260,喇叭,la11pa55,la11pa55,是,是,是,否,1.0,la11pa55,la11pa55,是,是,是,否,1.0,ok,syllables_json.final,la11pa55,la11pa55,0.99,,喇叭la和pal~
两边都有,260,138,毅鼓,36,260,毅鼓,toʔ3ku55,toʔ3ku55,是,是,是,否,1.0,toq3ku55,toq3ku55,是,是,是,否,1.0,ok,syllables_json.final,toʔ3ku55,toʔ3ku55,0.99,,毅鼓to怀kuW一种扁形小鼓，鼓皮下四周有硬木衬垫。鼓声浩
两边都有,260,138,琵琶,34,260,琵琶,bi11bo52,bi11bo52,是,是,是,否,1.0,bi11bo52,bi11bo52,是,是,是,否,1.0,ok,syllables_json.final,bi11bo52,bi11bo52,0.99,,琵琶b谓bo铲
两边都有,260,138,笛,32,260,笛,dieʔ23,dieʔ23,是,是,是,否,1.0,diq23,diq23,是,是,是,否,1.0,ok,syllables_json.final,dieʔ23,dieʔ23,0.99,,笛die俨梆笛。
两边都有,261,139,手气,83,261,手气,sɤ335tɕʰi52,sɤ335tɕʰi52,是,是,是,否,1.0,seu335chi52,seu335chi52,是,是,是,否,1.0,ok,syllables_json.final,sɤ335tʰi52,sɤ335tɕʰi52,0.95,,手气S'C35tG啸贴搏时的运气
两边都有,261,139,气数,84,261,气数,tɕʰi33su33,tɕʰi33su33,是,是,是,否,1.0,chi33su33,chi33su33,是,是,是,否,1.0,ok,syllables_json.final,tɕʰi33su33,tɕʰi33su33,0.95,,气数t砂insu33命运。
两边都有,261,139,球,62,261,球,dʑiɤ231,dʑiɤ231,是,是,是,否,1.0,jieu231,jieu231,是,是,是,否,1.0,ok,syllables_json.final,dʑiɤ231,dʑiɤ231,0.95,,球dii¥131
两边都有,261,139,皮球,63,261,皮球,bi11dʑiɤ52,bi11dʑiɤ52,是,是,是,否,1.0,bi11jieu52,bi11jieu52,是,是,是,否,1.0,ok,syllables_json.final,bi11dʑiɤ52,bi11dʑiɤ52,0.95,,皮球bi铲d~i讨
两边都有,261,139,题目,77,261,题目,di11moʔ5,di11moʔ5,是,是,是,否,1.0,di11moq5,di11moq5,是,是,是,否,1.0,ok,syllables_json.final,di11moʔ5,di11mo?5,0.95,,题目di铲mon1
两边都有,263,141,力气,118,263,力气,lieʔ1tɕʰi55,lieʔ1tɕʰi55,是,是,是,否,1.0,liq1chi55,liq1chi55,是,是,是,否,1.0,ok,syllables_json.final,lieʔ1tɕʰi55,lieʔ1tɕʰi55,0.99,,力气lie?坻啸
两边都有,264,142,南边,163,264,南边,nẽ11piẽ52,nẽ11piẽ52,是,是,是,否,1.0,neen11pien52,neen11pien52,是,是,是,否,1.0,ok,syllables_json.final,nẽ11piẽ52,nẽ11piẽ52,0.95,,南边n础p陌
两边都有,265,143,左边,188,265,左边,tso335piẽ52,tso335piẽ52,是,是,是,否,1.0,tso335pien52,tso335pien52,是,是,是,否,1.0,ok,syllables_json.final,tso335piẽ52,tso335piẽ52,0.99,,左边tS0335pi铲
两边都有,266,144,四角,219,266,四角,sɿ33koʔ3,sɿ33koʔ3,是,是,是,否,1.0,sy33koq3,sy33koq3,是,是,是,否,1.0,ok,syllables_json.final,sɿ33koʔ3,sɿ33koʔ3,0.95,,四角s133ko?f
两边都有,269,147,背阴,306,269,背阴,pᴇ33iŋ52,pᴇ33iŋ52,是,是,是,否,1.0,pe33in52,pe33in52,是,是,是,否,1.0,ok,syllables_json.final,pᴇ33iŋ52,pᴇ33iŋ52,0.95,,背阴pEJJ旷
两边都有,269,147,顺风,307,269,顺风,zẽ11foŋ11,zẽ11foŋ11,是,是,是,否,1.0,zeen11fon11,zeen11fon11,是,是,是,否,1.0,ok,syllables_json.final,zẽ11foŋ11,zẽ11foŋ11,0.95,,顺风z砂fo祁
两边都有,269,147,飘,322,269,飘,pʰiɒ52,pʰiɒ52,是,是,是,否,1.0,phiau52,phiau52,是,是,是,否,1.0,ok,syllables_json.final,pʰiɒ52,pʰiɒ52,0.95,,飘phiOS2随风吹动。
两边都有,269,147,飞,328,269,飞,fi52,fi52,是,是,是,否,1.0,fi52,fi52,是,是,是,否,1.0,ok,syllables_json.final,fi52,fi52,0.95,,飞fi52
两边都有,270,148,听,353,270,听,tʰiŋ33,tʰiŋ33,是,是,是,否,1.0,thin33,thin33,是,是,是,否,1.0,ok,syllables_json.final,tʰiŋ33,tʰiŋ33,0.99,,听thil)H
两边都有,270,148,听见,354,270,听见,tʰiŋ33tɕiẽ33,tʰiŋ33tɕiẽ33,是,是,是,否,1.0,thin33cien33,thin33cien33,是,是,是,否,1.0,ok,syllables_json.final,tʰiŋ33tɕiẽ33,tʰiŋ33tɕiẽ33,0.99,,听见thii)33t1pie3J
两边都有,270,148,纵,352,270,纵,tsoŋ33,tsoŋ33,是,是,是,否,1.0,tson33,tson33,是,是,是,否,1.0,ok,syllables_json.final,tso33,tsoŋ33,0.99,,纵tso1J33旧头～拢。
两边都有,270,148,跌,333,270,跌,tieʔ45,tieʔ45,是,是,是,否,1.0,tiq45,tiq45,是,是,是,否,1.0,ok,syllables_json.final,tieʔ45,tieʔ45,0.99,,跌tie产掉下。
两边都有,271,149,咬,369,271,咬,ŋɒ113,ŋɒ113,是,是,是,否,1.0,ngau113,ngau113,是,是,是,否,1.0,ok,syllables_json.final,ŋɒ113,ŋɒ113,0.9,,咬1)0113
两边都有,271,149,哺,372,271,哺,pu33,pu33,是,是,是,否,1.0,pu33,pu33,是,是,是,否,1.0,ok,syllables_json.final,pu33,pu33,0.9,,哺puJJ嘴对嘴喂食：小人自还绘吃咪，要娘～伊咯。
两边都有,271,149,啃,370,271,啃,kʰəŋ335,kʰəŋ335,是,是,是,否,1.0,kheon335,kheon335,是,是,是,否,1.0,ok,syllables_json.final,kʰəŋ335,kʰəŋ335,0.9,,啃kh~IJJ35
两边都有,271,149,嚼,368,271,嚼,ʑiaʔ23,ʑiaʔ23,是,是,是,否,1.0,zhiaq23,zhiaq23,是,是,是,否,1.0,ok,syllables_json.final,iaʔ23,ʑiaʔ23,0.9,,嚼勾a?u
两边都有,272,150,招,394,272,招,tsɒ52,tsɒ52,是,是,是,否,1.0,tsau52,tsau52,是,是,是,否,1.0,ok,syllables_json.final,ts52,tsɒ52,0.95,,招tso5i~手c
两边都有,272,150,点,400,272,点,tiẽ335,tiẽ335,是,是,是,否,1.0,tien335,tien335,是,是,是,否,1.0,ok,syllables_json.final,tiẽ335,tiẽ335,0.95,,点、tie33S指。
两边都有,272,150,缩,397,272,缩,soʔ45,soʔ45,是,是,是,否,1.0,soq45,soq45,是,是,是,否,1.0,ok,syllables_json.final,soʔ45,soʔ45,0.95,,缩so?4'
两边都有,272,150,顿,380,272,顿,tø̃52,tø̃52,是,是,是,否,1.0,toen52,toen52,是,是,是,否,1.0,ok,syllables_json.final,tø̃52,tø̃52,0.95,,顿t矿点头：伊头～～，看样f是同意咯。
两边都有,273,151,剥,424,273,剥,poʔ45,poʔ45,是,是,是,否,1.0,poq45,poq45,是,是,是,否,1.0,ok,syllables_json.final,poʔ45,poʔ45,0.99,,剥po?·s
两边都有,273,151,拍,409,273,拍,pʰaʔ45,pʰaʔ45,是,是,是,否,1.0,phaq45,phaq45,是,是,是,否,1.0,ok,syllables_json.final,paʔ45,pʰaʔ45,0.99,,拍pha?•5
两边都有,273,151,拣,413,273,拣,kæ̃335,kæ̃335,是,是,是,否,1.0,kaen335,kaen335,是,是,是,否,1.0,ok,syllables_json.final,kæ̃335,kæ̃335,0.99,,拣K元JJS择菜己
两边都有,273,151,挠,404,273,挠,nɒ52,nɒ52,是,是,是,否,1.0,nau52,nau52,是,是,是,否,1.0,ok,syllables_json.final,nɒ52,nɔ52,0.99,,挠nos2抓。
两边都有,273,151,握,406,273,握,uoʔ45,uoʔ45,是,是,是,否,1.0,uoq45,uoq45,是,是,是,否,1.0,ok,syllables_json.final,uoʔ45,uoʔ45,0.99,,握uo?•5
两边都有,273,151,摘,412,273,摘,tieʔ45,tieʔ45,是,是,是,否,1.0,tiq45,tiq45,是,是,是,否,1.0,ok,syllables_json.final,tieʔ45,tieʔ45,0.99,,摘tie?•5(I)摘除：粗梗了～，也，禄得嫩头好哉('(2)攸断：
两边都有,273,151,撩,411,273,撩,liɒ11,liɒ11,是,是,是,否,1.0,liau11,liau11,是,是,是,否,1.0,ok,syllables_json.final,liɒ11,liɔ11,0.99,,撩lio11出手向不易达到的某处仲展：只大小榴～勿若，夹以一
两边都有,273,151,理,414,273,理,li113,li113,是,是,是,否,1.0,li113,li113,是,是,是,否,1.0,ok,syllables_json.final,li113,li113,0.99,,理IiIJJ
两边都有,274,152,托,439,274,托,tʰoʔ45,tʰoʔ45,是,是,是,否,1.0,thoq45,thoq45,是,是,是,否,1.0,ok,syllables_json.final,tʰoʔ45,tʰoʔ45,0.99,,托thOf45
两边都有,274,152,扯,443,274,扯,tsʰa335,tsʰa335,是,是,是,否,1.0,tsha335,tsha335,是,是,是,否,1.0,ok,syllables_json.final,tsʰa335,tsʰa335,0.99,,扯ts11a335
两边都有,274,152,扳,450,274,扳,pæ̃52,pæ̃52,是,是,是,否,1.0,paen52,paen52,是,是,是,否,1.0,ok,syllables_json.final,pæ̃52,pæ̃52,0.99,,扳p无“拉转：枝条～牢嫖放于。
两边都有,274,152,抬,458,274,抬,dᴇ231,dᴇ231,是,是,是,否,1.0,de231,de231,是,是,是,否,1.0,ok,syllables_json.final,dᴇ231,dᴇ231,0.99,,抬dEJ3I两人才合物：只婓1刺钱多，巷牌～过河('
两边都有,274,152,挑,461,274,挑,tʰiɒ52,tʰiɒ52,是,是,是,否,1.0,thiau52,thiau52,是,是,是,否,1.0,ok,syllables_json.final,tʰiɒ52,tʰiɔ52,0.99,,挑t11i052一人挑物：大担～、日逐销。
两边都有,274,152,摆,435,274,摆,pa335,pa335,是,是,是,否,1.0,pa335,pa335,是,是,是,否,1.0,ok,syllables_json.final,pa335,pa335,0.99,,摆paJJ~
两边都有,274,152,曳,448,274,曳,ɦieʔ23,ɦieʔ23,是,是,是,否,1.0,yiq23,yiq23,是,是,是,否,1.0,ok,syllables_json.final,ɦieʔ23,ɦieʔ23,0.99,,曳fiie?23拽：衣袋～直。
两边都有,274,152,端,456,274,端,tø̃52,tø̃52,是,是,是,否,1.0,toen52,toen52,是,是,是,否,1.0,ok,syllables_json.final,tø̃52,tø̃52,0.99,,端t矿双下令轻物：～得杯茶拨我吃。
两边都有,274,152,装,432,274,装,tsɒŋ52,tsɒŋ52,是,是,是,否,1.0,tsaon52,tsaon52,是,是,是,否,1.0,ok,syllables_json.final,tsɒŋ52,tsɔŋ52,0.99,,装tS01)52安装C
两边都有,275,153,扯,485,275,扯,tsʰa335,tsʰa335,是,是,是,否,1.0,tsha335,tsha335,是,是,是,否,1.0,ok,syllables_json.final,tsʰa335,tsʰa335,0.9,声调数字335较为特殊，依图识别,扯ts1飞砂撕。
两边都有,275,153,抱,472,275,抱,bɒ113,bɒ113,是,是,是,否,1.0,bau113,bau113,是,是,是,否,1.0,ok,syllables_json.final,bɒ113,bɒ113,0.95,,抱bo113(1)抱：～小毛头。(2)搂：～得小人坐车且到医院C
两边都有,275,153,敲,480,275,敲,kʰɒ52,kʰɒ52,是,是,是,否,1.0,khau52,khau52,是,是,是,否,1.0,ok,syllables_json.final,kʰɒ52,kʰɒ52,0.95,,敲k11ns2
两边都有,275,153,铺,465,275,铺,pʰu52,pʰu52,是,是,是,否,1.0,phu52,phu52,是,是,是,否,1.0,ok,syllables_json.final,pʰu52,pʰu52,0.95,,铺phU52
两边都有,276,154,合,509,276,合,keʔ45,keʔ45,是,是,是,否,1.0,keq45,keq45,是,是,是,否,1.0,ok,syllables_json.final,keʔ45,keʔ45,1.0,,合ke?4s拼合：～队。
两边都有,276,154,封,510,276,封,foŋ52,foŋ52,是,是,是,否,1.0,fon52,fon52,是,是,是,否,1.0,ok,syllables_json.final,foŋ52,foŋ52,1.0,,封fol)52门燃张字条～牢。
两边都有,276,154,拨,496,276,拨,peʔ45,peʔ45,是,是,是,否,1.0,peq45,peq45,是,是,是,否,1.0,ok,syllables_json.final,peʔ45,peʔ45,1.0,,"拨pe?4,撇升。"
两边都有,276,154,柯,502,276,柯,kʰo33,kʰo33,是,是,是,否,1.0,kho33,kho33,是,是,是,否,1.0,ok,syllables_json.final,kʰo33,kʰo33,1.0,,柯kho33捉。＂柯”，方言字，本字为＂招＇．《梊韵》枯驾切，
两边都有,276,154,盛,516,276,盛,zəŋ231,zəŋ231,是,是,是,否,1.0,zeon231,zeon231,是,是,是,否,1.0,ok,syllables_json.final,zəŋ231,zəŋ231,1.0,,盛Z~l)m~饭。
两边都有,276,154,约,515,276,约,iaʔ45,iaʔ45,是,是,是,否,1.0,iaq45,iaq45,是,是,是,否,1.0,ok,syllables_json.final,iaʔ45,iaʔ45,1.0,,约ia?4s~得～，只甲鱼只有得半斤重。
两边都有,276,154,解,508,276,解,ka335,ka335,是,是,是,否,1.0,ka335,ka335,是,是,是,否,1.0,ok,syllables_json.final,ka335,ka335,1.0,,解ka33s
两边都有,276,154,跌,497,276,跌,tieʔ45,tieʔ45,是,是,是,否,1.0,tiq45,tiq45,是,是,是,否,1.0,ok,syllables_json.final,tieʔ45,tieʔ45,1.0,,跌tie?45掉（。
两边都有,277,155,别,526,277,别,pieʔ45,pieʔ45,是,是,是,否,1.0,piq45,piq45,是,是,是,否,1.0,ok,syllables_json.final,pieʔ45,pieʔ45,0.95,,别pi~'J4S紧附：钢笔～东袋袋里。
两边都有,277,155,堵,534,277,堵,tu335,tu335,是,是,是,否,1.0,tu335,tu335,是,是,是,否,1.0,ok,syllables_json.final,tu335,tu335,0.95,,堵tu33S
两边都有,277,155,抢,541,277,抢,tɕiaŋ335,tɕiaŋ335,是,是,是,否,1.0,cian335,cian335,是,是,是,否,1.0,ok,syllables_json.final,tɕiaŋ335,tɕiaŋ335,0.95,,抢t~i叨3JS跑：铜锣响，脚底痒，囡要～，娘要打。
两边都有,277,155,挂,525,277,挂,kuo33,kuo33,是,是,是,否,1.0,kuo33,kuo33,是,是,是,否,1.0,ok,syllables_json.final,kuo33,kuo33,0.95,,挂kuo33
两边都有,277,155,掖,537,277,掖,ɦieʔ23,ɦieʔ23,是,是,是,否,1.0,yiq23,yiq23,是,是,是,否,1.0,ok,syllables_json.final,ɦieʔ23,ɦieʔ23,0.95,,掖fi记产塞进：棉被～好，夜头勿可冻出来。
两边都有,277,155,系,520,277,系,tɕi33,tɕi33,是,是,是,否,1.0,ci33,ci33,是,是,是,否,1.0,ok,syllables_json.final,tɕi33,tɕi33,0.95,,系t~i33打结了：鞋带～好。
两边都有,278,156,戳,560,278,戳,zoʔ23,zoʔ23,是,是,是,否,1.0,zoq23,zoq23,是,是,是,否,1.0,ok,syllables_json.final,zoʔ23,zoʔ23,0.95,,戳zo?23跨：～桨船。
两边都有,278,156,立,564,278,立,lieʔ23,lieʔ23,是,是,是,否,1.0,liq23,liq23,是,是,是,否,1.0,ok,syllables_json.final,lieʔ23,lieʔ23,0.95,,立lie?u
两边都有,278,156,纵,549,278,纵,tsoŋ33,tsoŋ33,是,是,是,否,1.0,tson33,tson33,是,是,是,否,1.0,ok,syllables_json.final,tsoŋ33,tsoŋ33,0.95,,纵tSOIJ33往上跳：个人一～～到屋高头。
两边都有,278,156,跑,542,278,跑,pʰɒ52,pʰɒ52,是,是,是,否,1.0,phau52,phau52,是,是,是,否,1.0,ok,syllables_json.final,pʰɒ52,pʰɒ52,0.95,,跑ph0s2指动物奔跑：～马。
两边都有,278,156,跟,567,278,跟,kəŋ52,kəŋ52,是,是,是,否,1.0,keon52,keon52,是,是,是,否,1.0,ok,syllables_json.final,kəŋ52,kəŋ52,0.95,,"跟k:;,gs2"
两边都有,278,156,跨,554,278,跨,kʰo52,kʰo52,是,是,是,否,1.0,kho52,kho52,是,是,是,否,1.0,ok,syllables_json.final,kʰo52,kʰo52,0.95,,"跨k""os2"
两边都有,278,156,踢,559,278,踢,tʰieʔ45,tʰieʔ45,是,是,是,否,1.0,thiq45,thiq45,是,是,是,否,1.0,ok,syllables_json.final,tʰieʔ45,tʰieʔ45,0.95,,踢thie?~5
两边都有,278,156,避,570,278,避,bi11,bi11,是,是,是,否,1.0,bi11,bi11,是,是,是,否,1.0,ok,syllables_json.final,bi11,bi11,0.95,,避bi11
两边都有,279,157,倒,574,279,倒,tɒ335,tɒ335,是,是,是,否,1.0,tau335,tau335,是,是,是,否,1.0,ok,syllables_json.final,tɒ335,tɔ335,1.0,,倒to335
两边都有,279,157,匐,578,279,匐,boʔ23,boʔ23,是,是,是,否,1.0,boq23,boq23,是,是,是,否,1.0,ok,syllables_json.final,boʔ23,boʔ23,1.0,,匐bo?23(1)向下俯伏：～东地下。(2)向外伈伏：抱乐咯小
两边都有,279,157,挨,587,279,挨,a52,a52,是,是,是,否,1.0,a52,a52,是,是,是,否,1.0,ok,syllables_json.final,a52,a52,1.0,,挨as2人～人。
两边都有,279,157,跌,582,279,跌,tieʔ45,tieʔ45,是,是,是,否,1.0,tiq45,tiq45,是,是,是,否,1.0,ok,syllables_json.final,tieʔ45,tieʔ45,1.0,,跌tie?45摔：～落来，～街交。
两边都有,279,157,骑,580,279,骑,dʑi231,dʑi231,是,是,是,否,1.0,ji231,ji231,是,是,是,否,1.0,ok,syllables_json.final,dʑi231,dʑi231,1.0,,"骑d~i2"""
两边都有,280,158,做工,596,280,做工,tso33kuoŋ52,tso33kuoŋ52,是,是,是,否,1.0,tso33kuon52,tso33kuon52,是,是,是,否,1.0,ok,syllables_json.final,tso33kuoŋ52,tso33kuoŋ52,1.0,,做工tso33kuo952
两边都有,281,159,纺纱,628,281,纺纱,fɒŋ335so52,fɒŋ335so52,是,是,是,否,1.0,faon335so52,faon335so52,是,是,是,否,1.0,ok,syllables_json.final,fɒŋ335so52,fɔŋ335so52,0.95,,纺纱fo咄s0'2
两边都有,281,159,补补丁,643,281,补补丁,pu335pu335tiŋ52,pu335pu335tiŋ52,是,是,是,否,1.0,pu335pu335tin52,pu335pu335tin52,是,是,是,否,1.0,ok,syllables_json.final,pu335pu335tiŋ52,pu335pu335tiŋ52,0.95,,补补丁pu铲puJJstiIJs2打补丁。
两边都有,282,160,凿,654,282,凿,dzoʔ23,dzoʔ23,是,是,是,否,1.0,dzoq23,dzoq23,是,是,是,否,1.0,ok,syllables_json.final,dzoʔ23,dzoʔ23,0.95,,凿dzo?:?.J
两边都有,282,160,戴,663,282,戴,ta33,ta33,是,是,是,否,1.0,ta33,ta33,是,是,是,否,1.0,ok,syllables_json.final,ta33,ta33,0.95,,戴ta33
两边都有,282,160,烁,672,282,烁,saʔ45,saʔ45,是,是,是,否,1.0,saq45,saq45,是,是,是,否,1.0,ok,syllables_json.final,saʔ45,saʔ45,0.95,,烁sa?4'浸泡衣物：衣裳～过佼山丿勺＇
两边都有,282,160,缀,666,282,缀,tsa33,tsa33,是,是,是,否,1.0,tsa33,tsa33,是,是,是,否,1.0,ok,syllables_json.final,tsa33,tsa33,0.95,,缀tsa33缝上附加物：～扣，～花边
两边都有,282,160,缝,664,282,缝,voŋ231,voŋ231,是,是,是,否,1.0,von231,von231,是,是,是,否,1.0,ok,syllables_json.final,voŋ231,voŋ231,0.95,,缝VOl)m
两边都有,283,161,僮,684,283,僮,dzɒŋ113,dzɒŋ113,是,是,是,否,1.0,dzaon113,dzaon113,是,是,是,否,1.0,ok,syllables_json.final,dzɒŋ113,dzɔŋ113,1.0,,僮dzOIJ113一个个合起来：碗要～起安东伽呾
两边都有,283,161,晒,677,283,晒,sa33,sa33,是,是,是,否,1.0,sa33,sa33,是,是,是,否,1.0,ok,syllables_json.final,sa33,sa33,1.0,,晒sa11
两边都有,283,161,汰,673,283,汰,da11,da11,是,是,是,否,1.0,da11,da11,是,是,是,否,1.0,ok,syllables_json.final,da11,da11,1.0,,汰da11
两边都有,283,161,烫,679,283,烫,tʰɒŋ33,tʰɒŋ33,是,是,是,否,1.0,thaon33,thaon33,是,是,是,否,1.0,ok,syllables_json.final,tʰɒŋ33,tʰɔŋ33,1.0,,烫th_OIJJJ贞。
两边都有,283,161,荡,675,283,荡,dɒŋ113,dɒŋ113,是,是,是,否,1.0,daon113,daon113,是,是,是,否,1.0,ok,syllables_json.final,dɒŋ113,dɔŋ113,1.0,,荡do1J111i刷：约吃过、嘴脯～～。
两边都有,284,162,扫,719,284,扫,sɒ335,sɒ335,是,是,是,否,1.0,sau335,sau335,是,是,是,否,1.0,ok,syllables_json.final,sɒ335,sɔ335,0.95,,扫S-0335
两边都有,284,162,浇,716,284,浇,tɕiɒ52,tɕiɒ52,是,是,是,否,1.0,ciau52,ciau52,是,是,是,否,1.0,ok,syllables_json.final,tɕiɒ52,tɕiɔ52,0.95,,浇t~io52
两边都有,285,163,暴,758,285,暴,bɒ113,bɒ113,是,是,是,否,1.0,bau113,bau113,是,是,是,否,1.0,ok,syllables_json.final,bɒ113,bɒ113,0.99,,暴bo'13粗粗腌一下：鱼勿新鲜哉，豪愤～－～。
两边都有,285,163,盐,757,285,盐,ɦiẽ11,ɦiẽ11,是,是,是,否,1.0,yen11,yen11,是,是,是,否,1.0,ok,syllables_json.final,ɦiẽ11,ɦiẽ11,0.99,,盐fiie11用盐腌：～菜。
两边都有,285,163,蒸,738,285,蒸,tsəŋ52,tsəŋ52,是,是,是,否,1.0,tseon52,tseon52,是,是,是,否,1.0,ok,syllables_json.final,tsəŋ52,tsəŋ52,0.99,,蒸tSdl)52
两边都有,285,163,酘,760,285,酘,dɤ11,dɤ11,是,是,是,否,1.0,deu11,deu11,是,是,是,否,1.0,ok,syllables_json.final,dɤ11,dɤ11,0.99,,"酘d1'""掺入：老酒味逍勿对，奥冒～过水咯。"
两边都有,286,164,劈,770,286,劈,pʰieʔ45,pʰieʔ45,是,是,是,否,1.0,phiq45,phiq45,是,是,是,否,1.0,ok,syllables_json.final,pʰieʔ45,pʰieʔ45,0.99,,"劈p""ie?4s"
两边都有,286,164,压,779,286,压,æʔ45,æʔ45,是,是,是,否,1.0,aeq45,aeq45,是,是,是,否,1.0,ok,syllables_json.final,æʔ45,æʔ45,0.99,,压汜?45
两边都有,286,164,戳,776,286,戳,tsʰoʔ45,tsʰoʔ45,是,是,是,否,1.0,tshoq45,tshoq45,是,是,是,否,1.0,ok,syllables_json.final,tsʰoʔ45,tsʰoʔ45,0.99,,戳tsbo产刺：～得个涧眼。
两边都有,288,166,寨,843,288,寨,dza11,dza11,是,是,是,否,1.0,dza11,dza11,是,是,是,否,1.0,ok,syllables_json.final,dza11,dza11,0.9,,寨dza11fl复西。
两边都有,289,167,肿,876,289,肿,tsoŋ335,tsoŋ335,是,是,是,否,1.0,tson335,tson335,是,是,是,否,1.0,ok,syllables_json.final,tsoŋ335,tsoŋ335,0.95,,肿tSOl)335
两边都有,290,168,惹,911,290,惹,ȵia113,ȵia113,是,是,是,否,1.0,gnia113,gnia113,是,是,是,否,1.0,ok,syllables_json.final,ȵia113,ȵia113,0.95,,"惹0,ia113传染：偌做护I小心疤疮疮嫖～得来。"
两边都有,292,170,继拜,967,292,继拜,tɕi33pa33,tɕi33pa33,是,是,是,否,1.0,ci33pa33,ci33pa33,是,是,是,否,1.0,ok,syllables_json.final,tɕi33pa33,tɕi33pa33,0.9,,继拜t忙pall无血缘关系或亲戚关系的人相认结成父母和子女的
两边都有,293,171,探亲,992,293,探亲,tʰẽ33tɕʰiŋ52,tʰẽ33tɕʰiŋ52,是,是,是,否,1.0,theen33chin52,theen33chin52,是,是,是,否,1.0,ok,syllables_json.final,tʰẽ33tɕʰiŋ52,tʰẽ33tɕʰiŋ52,0.95,,探亲t'1铲t砂iI]51
两边都有,295,173,应,1066,295,应,iŋ33,iŋ33,是,是,是,否,1.0,in33,in33,是,是,是,否,1.0,ok,syllables_json.final,iŋ33,iŋ33,0.98,,应ig3J
两边都有,295,173,理,1070,295,理,li113,li113,是,是,是,否,1.0,li113,li113,是,是,是,否,1.0,ok,syllables_json.final,li113,li113,0.98,,理IiiI)
两边都有,296,174,比,1095,296,比,pi335,pi335,是,是,是,否,1.0,pi335,pi335,是,是,是,否,1.0,ok,syllables_json.final,pi335,pi335,1.0,,比pi335比阰。
两边都有,296,174,谢借,1088,296,谢借,ʑia11tɕia11,ʑia11tɕia11,是,是,是,否,1.0,zhia11cia11,zhia11cia11,是,是,是,否,1.0,ok,syllables_json.final,ʑia11tɕia11,ʑia11tɕia11,1.0,,谢借~ia1't<;;iatt肉估用而敛谢。
两边都有,296,174,赔,1094,296,赔,bᴇ231,bᴇ231,是,是,是,否,1.0,be231,be231,是,是,是,否,1.0,ok,syllables_json.final,bᴇ231,bᴇ231,1.0,,赔bE231
两边都有,297,175,作,1133,297,作,tsoʔ45,tsoʔ45,是,是,是,否,1.0,tsoq45,tsoq45,是,是,是,否,1.0,ok,syllables_json.final,tsoʔ45,tsoʔ45,0.99,,作tso'145生书：个小人只管要～咯c
两边都有,297,175,吵,1132,297,吵,tsʰɒ335,tsʰɒ335,是,是,是,否,1.0,tshau335,tshau335,是,是,是,否,1.0,ok,syllables_json.final,tsʰ335,tsʰɔ335,0.99,,吵tshom
两边都有,297,175,哭,1117,297,哭,kʰuoʔ45kʰoʔ45,kʰuoʔ45kʰoʔ45,是,是,是,否,1.0,khuoq45khoq45,khuoq45khoq45,是,是,是,否,1.0,ok,syllables_json.final,kʰuoʔ45kʰo45,kʰuoʔ45kʰoʔ45,0.99,,"哭khuo?4s,kho?_45"
两边都有,297,175,笑,1120,297,笑,ɕiɒ33,ɕiɒ33,是,是,是,否,1.0,shiau33,shiau33,是,是,是,否,1.0,ok,syllables_json.final,ɕiɒ33,ɕiɔ33,0.99,,笑~io33
两边都有,299,177,做弄,1181,299,做弄,tso33loŋ33,tso33loŋ33,是,是,是,否,1.0,tso33lon33,tso33lon33,是,是,是,否,1.0,ok,syllables_json.final,tso33loŋ33,tso33loŋ33,0.99,,做弄tso33lOIJ片作弄：阿妹小咪，勿可～伊。
两边都有,302,180,放,1287,302,放,fɒŋ33,fɒŋ33,是,是,是,否,1.0,faon33,faon33,是,是,是,否,1.0,ok,syllables_json.final,fɒŋ33,fɒŋ33,0.99,,放fu1]33释放('
两边都有,302,180,放火,1277,302,放火,fɒŋ33hu335,fɒŋ33hu335,是,是,是,否,1.0,faon33hu335,faon33hu335,是,是,是,否,1.0,ok,syllables_json.final,fɒŋ33hu335,fɒŋ33hu335,0.99,,放火fol)nhu凶
两边都有,303,181,买,1307,303,买,ma113,ma113,是,是,是,否,1.0,ma113,ma113,是,是,是,否,1.0,ok,syllables_json.final,ma113,ma113,0.99,,买ma113
两边都有,304,182,卖,1317,304,卖,ma11,ma11,是,是,是,否,1.0,ma11,ma11,是,是,是,否,1.0,ok,syllables_json.final,ma11,ma11,0.95,,卖ma11
两边都有,304,182,找,1321,304,找,tsɒ335,tsɒ335,是,是,是,否,1.0,tsau335,tsau335,是,是,是,否,1.0,ok,syllables_json.final,tsɒ335,tsɒ335,0.95,,找tso335退还余额。
两边都有,308,186,赛跑,1441,308,赛跑,sa33bɒ231,sa33bɒ231,是,是,是,否,1.0,sa33bau231,sa33bau231,是,是,是,否,1.0,ok,syllables_json.final,sa33bɒ231,sa33bɒ231,0.95,,赛跑sa~~bo习I
两边都有,309,187,嫌憎,1489,309,嫌憎,iẽ33tsəŋ33,iẽ33tsəŋ33,是,是,是,否,1.0,ien33tseon33,ien33tseon33,是,是,是,否,1.0,ok,syllables_json.final,iẽ33tsəŋ33,iẽ33tsəŋ33,0.95,,嫌憎i铲tS~IJ33嫌：绘划船～港阔。
两边都有,309,187,怪,1491,309,怪,kua33,kua33,是,是,是,否,1.0,kua33,kua33,是,是,是,否,1.0,ok,syllables_json.final,kua33,kua33,0.95,,怪kua33
两边都有,309,187,恶数,1487,309,恶数,u33su33,u33su33,是,是,是,否,1.0,u33su33,u33su33,是,是,是,否,1.0,ok,syllables_json.final,u33su33,u33su33,0.95,,"恶数u33suH厌恶：偌是介咯行ji,要拨别人～咯。"
两边都有,309,187,生气,1493,309,生气,saŋ33tɕʰi55,saŋ33tɕʰi55,是,是,是,否,1.0,san33chi55,san33chi55,是,是,是,否,1.0,ok,syllables_json.final,saŋ33tɕʰi55,saŋ33tɕʰi55,0.95,Contains alternative pronunciation,生气Sal)昔t~咄，SaIJ~~t~hi33
两边都有,309,187,看相,1481,309,看相,kʰẽ33ɕiaŋ33,kʰẽ33ɕiaŋ33,是,是,是,否,1.0,kheen33shian33,kheen33shian33,是,是,是,否,1.0,ok,syllables_json.final,kʰẽ33ɕiaŋ33,kʰẽ33ɕiaŋ33,0.95,,看相K咯33~ial)33吞中。
两边都有,310,188,怕,1500,310,怕,pʰo33,pʰo33,是,是,是,否,1.0,pho33,pho33,是,是,是,否,1.0,ok,syllables_json.final,pʰo33,pʰo33,0.95,,怕phOJJ
两边都有,310,188,愁,1510,310,愁,zɤ231,zɤ231,是,是,是,否,1.0,zeu231,zeu231,是,是,是,否,1.0,ok,syllables_json.final,zɤ231,zɤ231,0.95,,"愁Z1<2,1"
两边都有,310,188,懂,1520,310,懂,toŋ335,toŋ335,是,是,是,否,1.0,ton335,ton335,是,是,是,否,1.0,ok,syllables_json.final,to335,toŋ335,0.95,,懂tOl)33S
两边都有,311,189,想,1531,311,想,ɕiaŋ335,ɕiaŋ335,是,是,是,否,1.0,shian335,shian335,是,是,是,否,1.0,ok,syllables_json.final,ɕiaŋ335,ɕiaŋ335,0.95,,想<;ial)m
两边都有,311,189,有,1549,311,有,ɦiɤ113,ɦiɤ113,是,是,是,否,1.0,yeu113,yeu113,是,是,是,否,1.0,ok,syllables_json.final,ɦiɤ113,ɦiɤ113,0.95,,有fij沪
两边都有,311,189,记,1532,311,记,tɕi33,tɕi33,是,是,是,否,1.0,ci33,ci33,是,是,是,否,1.0,ok,syllables_json.final,tɕi33,tɕi33,0.95,,记t<;i33
两边都有,311,189,记挂,1535,311,记挂,tɕi33kuo33,tɕi33kuo33,是,是,是,否,1.0,ci33kuo33,ci33kuo33,是,是,是,否,1.0,ok,syllables_json.final,tɕi33kuo33,tɕi33kuo33,0.95,,记挂t¥ijjkuo33
两边都有,312,190,落,1562,312,落,loʔ23,loʔ23,是,是,是,否,1.0,loq23,loq23,是,是,是,否,1.0,ok,syllables_json.final,loʔ23,loʔ23,0.95,,落10?23下。
两边都有,312,190,过,1563,312,过,ku33,ku33,是,是,是,否,1.0,ku33,ku33,是,是,是,否,1.0,ok,syllables_json.final,ku33,ku33,0.95,,过kuH
两边都有,312,190,进去,1569,312,进去,tɕiŋ33tɕʰi33,tɕiŋ33tɕʰi33,是,是,是,否,1.0,cin33chi33,cin33chi33,是,是,是,否,1.0,ok,syllables_json.final,tɕiŋ33tɕi33,tɕiŋ33tɕʰi33,0.95,,进去tciJJ~打砂i{~
两边都有,313,191,大,1603,313,大,do11,do11,是,是,是,否,1.0,do11,do11,是,是,是,否,1.0,ok,syllables_json.final,do11,do11,0.95,,大do11
两边都有,313,191,小,1604,313,小,ɕiɒ335,ɕiɒ335,是,是,是,否,1.0,shiau335,shiau335,是,是,是,否,1.0,ok,syllables_json.final,ɕiɒ335,ɕiɔ335,0.95,,小l;iOlJS
两边都有,314,192,低,1610,314,低,ti52,ti52,是,是,是,否,1.0,ti52,ti52,是,是,是,否,1.0,ok,syllables_json.final,ti52,ti52,1.0,,低ti52指物
两边都有,314,192,浅,1621,314,浅,tɕʰiẽ335,tɕʰiẽ335,是,是,是,否,1.0,chien335,chien335,是,是,是,否,1.0,ok,syllables_json.final,tɕʰiẽ335,tɕʰiẽ335,1.0,,浅t砂ie335
两边都有,314,192,矮,1611,314,矮,a335,a335,是,是,是,否,1.0,a335,a335,是,是,是,否,1.0,ok,syllables_json.final,a335,a335,1.0,,矮aJJS括人：～千r
两边都有,314,192,空,1622,314,空,kʰuoŋ52,kʰuoŋ52,是,是,是,否,1.0,khuon52,khuon52,是,是,是,否,1.0,ok,syllables_json.final,kuoŋ52,kʰuoŋ52,1.0,,空khUOIJS2
两边都有,314,192,粗,1613,314,粗,tsʰu52,tsʰu52,是,是,是,否,1.0,tshu52,tshu52,是,是,是,否,1.0,ok,syllables_json.final,tsʰu52,tsʰu52,1.0,,粗tshuSl
两边都有,314,192,薄,1618,314,薄,boʔ23,boʔ23,是,是,是,否,1.0,boq23,boq23,是,是,是,否,1.0,ok,syllables_json.final,boʔ23,boʔ23,1.0,,薄bo?23
两边都有,314,192,长,1609,314,长,dzaŋ231,dzaŋ231,是,是,是,否,1.0,dzan231,dzan231,是,是,是,否,1.0,ok,syllables_json.final,dza231,dzaŋ231,1.0,,长dzalJ~.11指人和物：
两边都有,314,192,阔,1615,314,阔,kʰueʔ45,kʰueʔ45,是,是,是,否,1.0,khueq45,khueq45,是,是,是,否,1.0,ok,syllables_json.final,kʰueʔ45,kʰueʔ45,1.0,,"阔k11ue?""5宽：庐肿～。"
两边都有,314,192,高,1607,314,高,kɒ52,kɒ52,是,是,是,否,1.0,kau52,kau52,是,是,是,否,1.0,ok,syllables_json.final,kɒ52,kɔ52,1.0,,高k泸指物：老鹰飞得～，归去吃年糕，老脱飞得低，归去吃
两边都有,315,193,凹,1632,315,凹,hæʔ45,hæʔ45,是,是,是,否,1.0,haeq45,haeq45,是,是,是,否,1.0,ok,syllables_json.final,hæʔ45,hæʔ45,0.9,,凹h汜产船进：热水壶碰衔记，允盖有块～进哉。＂凹＂．训妀
两边都有,315,193,反,1640,315,反,fæ̃335,fæ̃335,是,是,是,否,1.0,faen335,faen335,是,是,是,否,1.0,ok,syllables_json.final,fæ̃335,fæ̃335,0.9,,反f元335
两边都有,315,193,尖,1634,315,尖,tɕiẽ52,tɕiẽ52,是,是,是,否,1.0,cien52,cien52,是,是,是,否,1.0,ok,syllables_json.final,tɕiẽ52,tɕiẽ52,0.9,,尖tci铲
两边都有,315,193,平,1637,315,平,biŋ231,biŋ231,是,是,是,否,1.0,bin231,bin231,是,是,是,否,1.0,ok,syllables_json.final,bi231,biŋ231,0.9,,平biIJ231
两边都有,315,193,歪,1639,315,歪,ua52,ua52,是,是,是,否,1.0,ua52,ua52,是,是,是,否,1.0,ok,syllables_json.final,ua52,ua52,0.9,,歪ua52不正。
两边都有,315,193,笃,1644,315,笃,toʔ45,toʔ45,是,是,是,否,1.0,toq45,toq45,是,是,是,否,1.0,ok,syllables_json.final,toʔ45,toʔ45,0.9,,笃to产陡：山介～，监勿上去咯。
两边都有,315,193,紫,1659,315,紫,tsɿ335,tsɿ335,是,是,是,否,1.0,tsy335,tsy335,是,是,是,否,1.0,ok,syllables_json.final,tsɿ335,tsɿ335,0.9,,紫tsi's
两边都有,315,193,绿,1651,315,绿,loʔ23,loʔ23,是,是,是,否,1.0,loq23,loq23,是,是,是,否,1.0,ok,syllables_json.final,loʔ23,loʔ23,0.9,,绿10?23
两边都有,316,194,密,1674,316,密,mieʔ23,mieʔ23,是,是,是,否,1.0,miq23,miq23,是,是,是,否,1.0,ok,syllables_json.final,mieʔ23,mieʔ23,0.95,,密mie?11
两边都有,316,194,快,1665,316,快,kʰua33,kʰua33,是,是,是,否,1.0,khua33,khua33,是,是,是,否,1.0,ok,syllables_json.final,kʰua33,kʰua33,0.95,,快k11ua33迅速。
两边都有,316,194,朗,1673,316,朗,lɒŋ113,lɒŋ113,是,是,是,否,1.0,laon113,laon113,是,是,是,否,1.0,ok,syllables_json.final,lɒŋ113,lɔŋ113,0.95,,朗101)1131:I寸～起来哉。
两边都有,316,194,湿,1668,316,湿,seʔ45,seʔ45,是,是,是,否,1.0,seq45,seq45,是,是,是,否,1.0,ok,syllables_json.final,seʔ45,seʔ45,0.95,,湿se?~5
两边都有,316,194,潮,1667,316,潮,dzɒ231,dzɒ231,是,是,是,否,1.0,dzau231,dzau231,是,是,是,否,1.0,ok,syllables_json.final,dzɒ231,dzɔ231,0.95,,潮dzD23I潮湿：衣裳捉得淀雨，有些～哉。
两边都有,316,194,疏,1672,316,疏,sɿ52,sɿ52,是,是,是,否,1.0,sy52,sy52,是,是,是,否,1.0,ok,syllables_json.final,sɿ52,sɿ52,0.95,,疏s1s2稀疏：葛件衣裳穿得好两年哉．布都～哉。
两边都有,316,194,硬,1675,316,硬,ŋaŋ11,ŋaŋ11,是,是,是,否,1.0,ngan11,ngan11,是,是,是,否,1.0,ok,syllables_json.final,ŋaŋ11,ŋaŋ11,0.95,,硬l)al]'1
两边都有,316,194,糙,1677,316,糙,tsʰɒ33,tsʰɒ33,是,是,是,否,1.0,tshau33,tshau33,是,是,是,否,1.0,ok,syllables_json.final,tsʰɒ33,tsʰɔ33,0.95,,糙tsho33
两边都有,316,194,紧,1679,316,紧,tɕiŋ335,tɕiŋ335,是,是,是,否,1.0,cin335,cin335,是,是,是,否,1.0,ok,syllables_json.final,tɕiŋ335,tɕiŋ335,0.95,,紧t~i沪
两边都有,317,195,吵,1703,317,吵,tsʰɒ335,tsʰɒ335,是,是,是,否,1.0,tshau335,tshau335,是,是,是,否,1.0,ok,syllables_json.final,tsʰɒ335,tsʰɒ335,0.95,,吵tsh护吵闹。
两边都有,317,195,牢,1697,317,牢,lɒ231,lɒ231,是,是,是,否,1.0,lau231,lau231,是,是,是,否,1.0,ok,syllables_json.final,lɒ231,lɒ231,0.95,,牢10231
两边都有,318,196,假,1714,318,假,ko335,ko335,是,是,是,否,1.0,ko335,ko335,是,是,是,否,1.0,ok,syllables_json.final,ko335,ko335,0.95,,假ko3Js
两边都有,318,196,早,1715,318,早,tsɒ335,tsɒ335,是,是,是,否,1.0,tsau335,tsau335,是,是,是,否,1.0,ok,syllables_json.final,tsɒ335,tsɔ335,0.95,,早tso邓
两边都有,318,196,熟,1719,318,熟,zoʔ23,zoʔ23,是,是,是,否,1.0,zoq23,zoq23,是,是,是,否,1.0,ok,syllables_json.final,zoʔ23,zoʔ23,0.95,,熟zo?23
两边都有,318,196,生,1718,318,生,saŋ52,saŋ52,是,是,是,否,1.0,san52,san52,是,是,是,否,1.0,ok,syllables_json.final,saŋ52,saŋ52,0.95,,生Sa1Js2
两边都有,318,196,老,1720,318,老,lɒ113,lɒ113,是,是,是,否,1.0,lau113,lau113,是,是,是,否,1.0,ok,syllables_json.final,lɒ113,lɔ113,0.95,,老10113
两边都有,319,197,便当,1731,319,便当,biẽ11tɒŋ11,biẽ11tɒŋ11,是,是,是,否,1.0,bien11taon11,bien11taon11,是,是,是,否,1.0,ok,syllables_json.final,biẽ11tɒŋ11,biẽ11tɒŋ11,1.0,,便当bie11to1J甘
两边都有,319,197,冷,1740,319,冷,laŋ113,laŋ113,是,是,是,否,1.0,lan113,lan113,是,是,是,否,1.0,ok,syllables_json.final,laŋ113,laŋ113,1.0,,冷laJJiu
两边都有,319,197,怪,1725,319,怪,kua335,kua335,是,是,是,否,1.0,kua335,kua335,是,是,是,否,1.0,ok,syllables_json.final,kua335,kua335,1.0,,怪k:ua3JS个中体是有些～咯噢。
两边都有,319,197,泡,1739,319,泡,pʰɒ33,pʰɒ33,是,是,是,否,1.0,phau33,phau33,是,是,是,否,1.0,ok,syllables_json.final,pʰɒ33,pʰɒ33,1.0,,泡ph033烫：火火～，～煞。
两边都有,319,197,热,1738,319,热,ȵieʔ23,ȵieʔ23,是,是,是,否,1.0,gniq23,gniq23,是,是,是,否,1.0,ok,syllables_json.final,ȵieʔ23,ȵieʔ23,1.0,,"热I),ie?23"
两边都有,319,197,甜,1746,319,甜,diẽ231,diẽ231,是,是,是,否,1.0,dien231,dien231,是,是,是,否,1.0,ok,syllables_json.final,diẽ231,diẽ231,1.0,,甜die231
两边都有,319,197,荫,1741,319,荫,iŋ33,iŋ33,是,是,是,否,1.0,in33,in33,是,是,是,否,1.0,ok,syllables_json.final,iŋ33,iŋ33,1.0,,荫iIJ33凉：个西瓜月水里激过，有此～带哉。
两边都有,320,198,涩,1750,320,涩,seʔ45,seʔ45,是,是,是,否,1.0,seq45,seq45,是,是,是,否,1.0,ok,syllables_json.final,seʔ45,seʔ45,0.99,,涩se?➔>
两边都有,320,198,糯,1753,320,糯,no11,no11,是,是,是,否,1.0,no11,no11,是,是,是,否,1.0,ok,syllables_json.final,no11,no11,0.99,,糯11011黏而软。
两边都有,320,198,臭,1759,320,臭,tsʰɤ33,tsʰɤ33,是,是,是,否,1.0,tsheu33,tsheu33,是,是,是,否,1.0,ok,syllables_json.final,tsʰɤ33,tsʰɤ33,0.99,,臭ts11¥33
两边都有,320,198,苦,1747,320,苦,kʰu335,kʰu335,是,是,是,否,1.0,khu335,khu335,是,是,是,否,1.0,ok,syllables_json.final,kʰu335,kʰu335,0.99,,苦k11u玛
两边都有,320,198,饱,1762,320,饱,pɒ335,pɒ335,是,是,是,否,1.0,pau335,pau335,是,是,是,否,1.0,ok,syllables_json.final,pɒ335,pɒ335,0.99,,饱po.us
两边都有,320,198,饿,1765,320,饿,ŋo11,ŋo11,是,是,是,否,1.0,ngo11,ngo11,是,是,是,否,1.0,ok,syllables_json.final,ŋo11,ŋo11,0.99,,"饿!JO""极饿：介～咯，奥何有网日唔有吃饭哉。"
两边都有,321,199,木,1775,321,木,moʔ23,moʔ23,是,是,是,否,1.0,moq23,moq23,是,是,是,否,1.0,ok,syllables_json.final,moʔ23,moʔ23,0.95,,木mo?23没f感觉。
两边都有,321,199,畅,1787,321,畅,tsʰaŋ33,tsʰaŋ33,是,是,是,否,1.0,tshan33,tshan33,是,是,是,否,1.0,ok,syllables_json.final,tsʰaŋ33,tsʰaŋ33,0.95,,畅tshal)33舒畅：一脸盆咯企豆，赞未吃～战
两边都有,321,199,胀,1774,321,胀,tsaŋ33,tsaŋ33,是,是,是,否,1.0,tsan33,tsan33,是,是,是,否,1.0,ok,syllables_json.final,tsaŋ33,tsaŋ33,0.95,,胀tSal)33
两边都有,322,200,老,1807,322,老,lɒ113,lɒ113,是,是,是,否,1.0,lau113,lau113,是,是,是,否,1.0,ok,syllables_json.final,lɒ113,lɒ113,0.95,,老10113
两边都有,323,201,傲,1846,323,傲,ŋɒ11,ŋɒ11,是,是,是,否,1.0,ngau11,ngau11,是,是,是,否,1.0,ok,syllables_json.final,ŋɒ11,ŋɒ11,0.95,,傲1)011骄傲。
两边都有,323,201,刁,1843,323,刁,tiɒ52,tiɒ52,是,是,是,否,1.0,tiau52,tiau52,是,是,是,否,1.0,ok,syllables_json.final,tiɒ52,tiɒ52,0.95,,刁tio52聪明而自私。
两边都有,323,201,摩登,1823,323,摩登,mo11təŋ52,mo11təŋ52,是,是,是,否,1.0,mo11teon52,mo11teon52,是,是,是,否,1.0,ok,syllables_json.final,mo11təŋ52,mo11təŋ52,0.95,,摩登mo和t~1J52
两边都有,323,201,爽气,1839,323,爽气,sɒŋ335tɕʰi52,sɒŋ335tɕʰi52,是,是,是,否,1.0,saon335chi52,saon335chi52,是,是,是,否,1.0,ok,syllables_json.final,sɒŋ335tɕʰi52,sɒŋ335tɕʰi52,0.95,,爽气SOl)335t砂m直爽C
两边都有,324,202,凶,1850,324,凶,ɕioŋ52,ɕioŋ52,是,是,是,否,1.0,shion52,shion52,是,是,是,否,1.0,ok,syllables_json.final,ɕioŋ52,ɕioŋ52,0.95,,凶<;;i01)5l
两边都有,324,202,善,1855,324,善,zẽ113,zẽ113,是,是,是,否,1.0,zeen113,zeen113,是,是,是,否,1.0,ok,syllables_json.final,zẽ113,zẽ113,0.95,,善ZC113
两边都有,325,203,懈,1897,325,懈,ga113,ga113,是,是,是,否,1.0,ga113,ga113,否,否,否,否,,unknown_ipa:g,syllables_json.final,ga113,ga113,1.0,,"懈ga""3不思振作。"
两边都有,325,203,死板,1881,325,死板,ɕi335pæ̃52,ɕi335pæ̃52,是,是,是,否,1.0,shi335paen52,shi335paen52,是,是,是,否,1.0,ok,syllables_json.final,ɕi335pæ̃52,ɕi335pæ̃52,1.0,,死板~j335p元铲
两边都有,325,203,皮,1882,325,皮,bi231,bi231,是,是,是,否,1.0,bi231,bi231,是,是,是,否,1.0,ok,syllables_json.final,bi231,bi231,1.0,,皮b严赖皮。
两边都有,325,203,藤,1889,325,藤,dəŋ231,dəŋ231,是,是,是,否,1.0,deon231,deon231,是,是,是,否,1.0,ok,syllables_json.final,dəŋ231,dəŋ231,1.0,,"藤d;;,泸死心眼。"
两边都有,326,204,嫌憎,1903,326,嫌憎,iẽ33tsəŋ33,iẽ33tsəŋ33,是,是,是,否,1.0,ien33tseon33,ien33tseon33,是,是,是,否,1.0,ok,syllables_json.final,iẽ33tsəŋ33,iẽ33tsəŋ33,0.99,,"嫌憎ie31tS~IJ33,,嫌＇，或写作“厌＂。"
两边都有,328,206,两,1998,328,两,liaŋ113,liaŋ113,是,是,是,否,1.0,lian113,lian113,是,是,是,否,1.0,ok,syllables_json.final,liaŋ113,liaŋ113,0.95,,两lia1Jll3~个。
两边都有,329,207,六,2002,329,六,loʔ23,loʔ23,是,是,是,否,1.0,loq23,loq23,是,是,是,否,1.0,ok,syllables_json.final,loʔ23,loʔ23,1.0,,六lo?n
两边都有,329,207,四,2000,329,四,sɿ33,sɿ33,是,是,是,否,1.0,sy33,sy33,是,是,是,否,1.0,ok,syllables_json.final,sɿ33,sɿ33,1.0,,四siJ
两边都有,331,209,几,2062,331,几,tɕi335,tɕi335,是,是,是,否,1.0,ci335,ci335,是,是,是,否,1.0,ok,syllables_json.final,tɕi335,tɕi335,0.95,,几tc;;i335(1)若干：俗～岁?(2)略多：念～岁。
两边都有,331,209,毛,2065,331,毛,mɒ231,mɒ231,是,是,是,否,1.0,mau231,mau231,是,是,是,否,1.0,ok,syllables_json.final,mɒ231,mɒ231,0.95,,毛mo231
两边都有,331,209,第,2079,331,第,di11,di11,是,是,是,否,1.0,di11,di11,是,是,是,否,1.0,ok,syllables_json.final,di11,di11,0.95,,"第di""用于“一”以外其他数目之前：～"
两边都有,331,209,股,2074,331,股,ku335,ku335,是,是,是,否,1.0,ku335,ku335,是,是,是,否,1.0,ok,syllables_json.final,ku335,ku335,0.95,,股kull5三～之一。
两边都有,332,210,个,2085,332,个,ko33koʔ45,ko33koʔ45,是,是,是,否,1.0,ko33koq45,ko33koq45,是,是,是,否,1.0,ok,syllables_json.final,"ko33,ko45",ko33koʔ45,0.95,,"个ko33,ko?4s一～，一～人。"
两边都有,332,210,副,2093,332,副,fu33,fu33,是,是,是,否,1.0,fu33,fu33,是,是,是,否,1.0,ok,syllables_json.final,fu33,fu33,0.95,,副full一～手套。
两边都有,332,210,厅,2095,332,厅,tʰiŋ52,tʰiŋ52,是,是,是,否,1.0,thin52,thin52,是,是,是,否,1.0,ok,syllables_json.final,tʰiŋ52,tʰiŋ52,0.95,,"厅t""i1J52一～罐头e英语tin的音译。"
两边都有,332,210,家,2105,332,家,ko52,ko52,是,是,是,否,1.0,ko52,ko52,是,是,是,否,1.0,ok,syllables_json.final,ko52,ko52,0.95,,家kos2-~人家，一～亲眷＾
两边都有,332,210,张,2099,332,张,tsaŋ52,tsaŋ52,是,是,是,否,1.0,tsan52,tsan52,是,是,是,否,1.0,ok,syllables_json.final,tsaŋ52,tsaŋ52,0.95,,张tsaIJ52一～报纸，一～｝忱
两边都有,332,210,排,2111,332,排,ba231,ba231,是,是,是,否,1.0,ba231,ba231,是,是,是,否,1.0,ok,syllables_json.final,ba231,ba231,0.95,,排ba231-~座位，一～牙齿。
两边都有,332,210,种,2086,332,种,tsoŋ335,tsoŋ335,是,是,是,否,1.0,tson335,tson335,是,是,是,否,1.0,ok,syllables_json.final,tsoŋ335,tsoŋ335,0.95,,种tSOIJm-~悄况C
两边都有,333,211,串,2135,333,串,tsʰẽ33,tsʰẽ33,是,是,是,否,1.0,tsheen33,tsheen33,是,是,是,否,1.0,ok,syllables_json.final,tsʰẽ33,tsʰẽ33,1.0,,串ts1飞铲－～珍珠。
两边都有,333,211,只,2118,333,只,tsəʔ45,tsəʔ45,是,是,是,否,1.0,tseoq45,tseoq45,是,是,是,否,1.0,ok,syllables_json.final,tsəʔ45,tsəʔ45,1.0,,只ts沪—～牛，一～马，一～飞机。
两边都有,333,211,头,2117,333,头,dɤ231,dɤ231,是,是,是,否,1.0,deu231,deu231,是,是,是,否,1.0,ok,syllables_json.final,dɤ231,dɤ231,1.0,,头d沪－～牛，一～马。
两边都有,333,211,层,2113,333,层,dzəŋ231,dzəŋ231,是,是,是,否,1.0,dzeon231,dzeon231,是,是,是,否,1.0,ok,syllables_json.final,dzəŋ231,dzəŋ231,1.0,,"层dz:;,I]rn-~皮，一～楼。"
两边都有,333,211,朵,2137,333,朵,to335,to335,是,是,是,否,1.0,to335,to335,是,是,是,否,1.0,ok,syllables_json.final,to335,to335,1.0,,朵to335_~花。
两边都有,333,211,爪,2144,333,爪,tsɒ335,tsɒ335,是,是,是,否,1.0,tsau335,tsau335,是,是,是,否,1.0,ok,syllables_json.final,tsɒ335,tsɔ335,1.0,,爪tso'35．～虾c
两边都有,333,211,牙,2134,333,牙,ŋo231,ŋo231,是,是,是,否,1.0,ngo231,ngo231,是,是,是,否,1.0,ok,syllables_json.final,o231,ŋo231,1.0,,牙lJ芷颠：一～西瓜。
两边都有,333,211,脱,2114,333,脱,tʰøʔ45,tʰøʔ45,是,是,是,否,1.0,thoeq45,thoeq45,是,是,是,否,1.0,ok,syllables_json.final,tʰøʔ45,tʰøʔ45,1.0,,脱th074s_~蒸笼。
两边都有,334,212,包,2164,334,包,pɒ52,pɒ52,是,是,是,否,1.0,pau52,pau52,是,是,是,否,1.0,ok,syllables_json.final,pɒ52,pɒ52,1.0,,包pos2—～釉，一～洋火。
两边都有,334,212,本,2174,334,本,pẽ335,pẽ335,是,是,是,否,1.0,peen335,peen335,是,是,是,否,1.0,ok,syllables_json.final,pẽ335,pẽ335,1.0,,本p砂－～书
两边都有,334,212,滴,2148,334,滴,tieʔ45,tieʔ45,是,是,是,否,1.0,tiq45,tiq45,是,是,是,否,1.0,ok,syllables_json.final,tieʔ45,tieʔ45,1.0,,滴tie7•5-~丿凡
两边都有,334,212,潮,2150,334,潮,dzɒ231,dzɒ231,是,是,是,否,1.0,dzau231,dzau231,是,是,是,否,1.0,ok,syllables_json.final,dzɒ231,dzɒ231,1.0,,潮dzo211指潮水涨洛之间：葛．～鱼勿多
两边都有,334,212,笔,2169,334,笔,pieʔ45,pieʔ45,是,是,是,否,1.0,piq45,piq45,是,是,是,否,1.0,ok,syllables_json.final,pieʔ45,pieʔ45,1.0,,笔pie?4s-~交易。
两边都有,334,212,绞,2154,334,绞,kɒ335,kɒ335,是,是,是,否,1.0,kau335,kau335,是,是,是,否,1.0,ok,syllables_json.final,kɒ335,kɒ335,1.0,,绞kons
两边都有,335,213,堵,2186,335,堵,du113,du113,是,是,是,否,1.0,du113,du113,是,是,是,否,1.0,ok,syllables_json.final,du113,du113,0.95,,堵du11J-~墙。
两边都有,335,213,套,2178,335,套,tʰɒ33,tʰɒ33,是,是,是,否,1.0,thau33,thau33,是,是,是,否,1.0,ok,syllables_json.final,tʰɒ33,tʰɔ33,0.95,,套thon-~房间，一～衣裳。
两边都有,335,213,尊,2185,335,尊,tsẽ52,tsẽ52,是,是,是,否,1.0,tseen52,tseen52,是,是,是,否,1.0,ok,syllables_json.final,tsẽ52,tsẽ52,0.95,,尊ts萨一～大炮。
两边都有,335,213,拔,2202,335,拔,beʔ23,beʔ23,是,是,是,否,1.0,beq23,beq23,是,是,是,否,1.0,ok,syllables_json.final,beʔ23,beʔ23,0.95,,拔be?23块：一～湖泥。
两边都有,335,213,桌,2187,335,桌,tsoʔ45,tsoʔ45,是,是,是,否,1.0,tsoq45,tsoq45,是,是,是,否,1.0,ok,syllables_json.final,tsoʔ45,tsoʔ45,0.95,,桌tso?45-~菜。
两边都有,335,213,瓶,2189,335,瓶,biŋ231,biŋ231,是,是,是,否,1.0,bin231,bin231,是,是,是,否,1.0,ok,syllables_json.final,biŋ231,biŋ231,0.95,,瓶bu/3'-~酒。
两边都有,335,213,腰,2196,335,腰,iɒ52,iɒ52,是,是,是,否,1.0,iau52,iau52,是,是,是,否,1.0,ok,syllables_json.final,iɒ52,iɔ52,0.95,,腰ios2一～耜。
两边都有,335,213,部,2183,335,部,bu113,bu113,是,是,是,否,1.0,bu113,bu113,是,是,是,否,1.0,ok,syllables_json.final,bu113,bu113,0.95,,部bu11J-~午，－～机器，～梯千，一～二莱。
两边都有,336,214,丈,2212,336,丈,dzaŋ113,dzaŋ113,是,是,是,否,1.0,dzan113,dzan113,是,是,是,否,1.0,ok,syllables_json.final,dzaŋ113,dzaŋ113,0.99,,丈dza1)113
两边都有,336,214,两,2220,336,两,liaŋ113,liaŋ113,是,是,是,否,1.0,lian113,lian113,是,是,是,否,1.0,ok,syllables_json.final,liaŋ113,liaŋ113,0.99,,两liaI)I13
两边都有,336,214,升,2217,336,升,səŋ52,səŋ52,是,是,是,否,1.0,seon52,seon52,是,是,是,否,1.0,ok,syllables_json.final,səŋ52,səŋ52,0.99,,升Sdl)52
两边都有,336,214,合,2218,336,合,keʔ45,keʔ45,是,是,是,否,1.0,keq45,keq45,是,是,是,否,1.0,ok,syllables_json.final,keʔ45,keʔ45,0.99,,合ke?4s
两边都有,336,214,埭,2207,336,埭,da11,da11,是,是,是,否,1.0,da11,da11,是,是,是,否,1.0,ok,syllables_json.final,da11,da11,0.99,,"埭da""去一～。"
两边都有,336,214,尺,2213,336,尺,tsʰaʔ45,tsʰaʔ45,是,是,是,否,1.0,tshaq45,tshaq45,是,是,是,否,1.0,ok,syllables_json.final,tsʰaʔ45,tsʰaʔ45,0.99,,尺tsha?4s
两边都有,336,214,我,2224,336,我,ŋo113,ŋo113,是,是,是,否,1.0,ngo113,ngo113,是,是,是,否,1.0,ok,syllables_json.final,ŋo113,ŋo113,0.99,,我I)OIIJ
两边都有,336,214,斤,2219,336,斤,tɕiŋ52,tɕiŋ52,是,是,是,否,1.0,cin52,cin52,是,是,是,否,1.0,ok,syllables_json.final,tɕiŋ52,tɕiŋ52,0.99,,斤t<;;il)S2
两边都有,336,214,角,2223,336,角,koʔ45,koʔ45,是,是,是,否,1.0,koq45,koq45,是,是,是,否,1.0,ok,syllables_json.final,koʔ45,koʔ45,0.99,,"角ko,~5"
两边都有,336,214,记,2209,336,记,tɕi33,tɕi33,是,是,是,否,1.0,ci33,ci33,是,是,是,否,1.0,ok,syllables_json.final,tɕi33,tɕi33,0.99,,记t~i33拷一～。
两边都有,336,214,顿,2208,336,顿,tø̃33,tø̃33,是,是,是,否,1.0,toen33,toen33,是,是,是,否,1.0,ok,syllables_json.final,tø̃33,tø̃33,0.99,,顿t033打一～。
两边都有,337,215,倷,2232,337,倷,na113,na113,是,是,是,否,1.0,na113,na113,是,是,是,否,1.0,ok,syllables_json.final,na113,na113,0.95,,倷na113你们c
两边都有,337,215,偌,2225,337,偌,noʔ23,noʔ23,是,是,是,否,1.0,noq23,noq23,是,是,是,否,1.0,ok,syllables_json.final,noʔ23,noʔ23,0.95,,偌no?2J你。
两边都有,340,218,要,2330,340,要,iɒ33,iɒ33,是,是,是,否,1.0,iau33,iau33,是,是,是,否,1.0,ok,syllables_json.final,iɒ33,iɒ33,0.95,,要i矿(1)要。(2)将要、就要。
两边都有,341,219,好,2368,341,好,hɒ335,hɒ335,是,是,是,否,1.0,hau335,hau335,是,是,是,否,1.0,ok,syllables_json.final,hɒ335,hɒ335,0.95,,好ho335较多：～曲个人，～儿只牛，～歇H了。
两边都有,341,219,毛,2371,341,毛,mɒ231,mɒ231,是,是,是,否,1.0,mau231,mau231,是,是,是,否,1.0,ok,syllables_json.final,mɒ231,mɒ231,0.95,,毛mo231约略：～仙仙，也只有两斤多C
两边都有,341,219,蛮,2347,341,蛮,mæ̃52,mæ̃52,是,是,是,否,1.0,maen52,maen52,是,是,是,否,1.0,ok,syllables_json.final,mæ̃52,mæ̃52,0.95,,蛮m元Slf比
两边都有,343,221,到究,2434,343,到究,tɒ33tɕiɤ33,tɒ33tɕiɤ33,是,是,是,否,1.0,tau33cieu33,tau33cieu33,是,是,是,否,1.0,ok,syllables_json.final,tɒ33tiɤ33,tɒ33tɕiɤ33,0.95,,到究to33t~i炉
两边都有,343,221,另外,2427,343,另外,liŋ11ŋa11,liŋ11ŋa11,是,是,是,否,1.0,lin11nga11,lin11nga11,是,是,是,否,1.0,ok,syllables_json.final,liŋ11ŋa11,liŋ11ŋa11,0.95,,另外li!J肾aII
两边都有,343,221,咦,2418,343,咦,i33,i33,是,是,是,否,1.0,i33,i33,是,是,是,否,1.0,ok,syllables_json.final,i33,i33,0.95,,咦j33又：～要好、～婓功，～婓马儿勿吃草。
两边都有,343,221,过,2430,343,过,ku33,ku33,是,是,是,否,1.0,ku33,ku33,是,是,是,否,1.0,ok,syllables_json.final,ku33,ku33,0.95,,过ku33四动词后表示革复：今朝迟哉，阴悄冉来～。
两边都有,344,222,抵桩,2464,344,抵桩,ti335tsɒŋ52,ti335tsɒŋ52,是,是,是,否,1.0,ti335tsaon52,ti335tsaon52,是,是,是,否,1.0,ok,syllables_json.final,ti335tsɒŋ52,ti335tsɒŋ52,0.9,,抵桩ti335tSUIJ52准备：我～拨伊话两句咯。
两边都有,345,223,好,2487,345,好,hɒ335,hɒ335,是,是,是,否,1.0,hau335,hau335,是,是,是,否,1.0,ok,syllables_json.final,hɒ335,hɒ335,0.98,,好ho3J5可以：介咯巾休未优老早～话战
两边都有,345,223,肯,2480,345,肯,kʰəŋ335,kʰəŋ335,是,是,是,否,1.0,kheon335,kheon335,是,是,是,否,1.0,ok,syllables_json.final,kʰəŋ335,kʰəŋ335,0.98,,肯kh;:>l)m
两边都有,346,224,从,2514,346,从,dzoŋ231,dzoŋ231,是,是,是,否,1.0,dzon231,dzon231,是,是,是,否,1.0,ok,syllables_json.final,dzoŋ231,dzoŋ231,1.0,,从dzOJJ231
两边都有,346,224,未,2496,346,未,mi11,mi11,是,是,是,否,1.0,mi11,mi11,是,是,是,否,1.0,ok,syllables_json.final,mi11,mi11,1.0,,未mill
两边都有,347,225,同,2528,347,同,doŋ231,doŋ231,是,是,是,否,1.0,don231,don231,是,是,是,否,1.0,ok,syllables_json.final,do231,doŋ231,0.95,,同dOl)凶
两边都有,347,225,朝,2517,347,朝,dzɒ231,dzɒ231,是,是,是,否,1.0,dzau231,dzau231,是,是,是,否,1.0,ok,syllables_json.final,dzɒ231,dzɔ231,0.95,,朝dzo卫1
两边都有,347,225,照,2521,347,照,tsɒ33,tsɒ33,是,是,是,否,1.0,tsau33,tsau33,是,是,是,否,1.0,ok,syllables_json.final,tsɒ33,tsɔ33,0.95,,照tso33按照。
两边都有,347,225,让,2522,347,让,ȵiaŋ11,ȵiaŋ11,是,是,是,否,1.0,gnian11,gnian11,是,是,是,否,1.0,ok,syllables_json.final,ȵiaŋ11,ȵiaŋ11,0.95,,"让n,ial)II"
两边都有,348,226,末,2559,348,末,meʔ23,meʔ23,是,是,是,否,1.0,meq23,meq23,是,是,是,否,1.0,ok,syllables_json.final,meʔ23,meʔ23,0.95,,末me俨停顿：等～，勿晓得伊来来，勿等～，防恐伊会来，捺令
两边都有,348,226,过,2555,348,过,ku33,ku33,是,是,是,否,1.0,ku33,ku33,是,是,是,否,1.0,ok,syllables_json.final,ku33,ku33,0.95,,过ku33过：饭吃～哉。
两边都有,349,227,啊,2568,349,啊,ɦa231,ɦa231,是,是,是,否,1.0,gha231,gha231,是,是,是,否,1.0,ok,syllables_json.final,ɦa231,ɦa231,1.0,,啊fia231(l)疑问：勿肖~?(2)提酮：去勿得个～。
两边都有,349,227,嗨,2581,349,嗨,hᴇ52,hᴇ52,是,是,是,否,1.0,he52,he52,是,是,是,否,1.0,ok,syllables_json.final,hᴇ52,hᴇ52,1.0,,嗨hE52满意：～，终算妞到顶哉！
两边都有,350,228,啊,2601,350,啊,ɦa113,ɦa113,是,是,是,否,1.0,gha113,gha113,是,是,是,否,1.0,ok,syllables_json.final,ɦa113,ɦa113,0.99,,啊fiall}不即解：～．偌话啥西？
