page	pdf_page	row_index	hanzi	wupin	base	tone	quality	flags	initial	final	inventory_issue
123	1	0	月亮	yoeq1lian55	lian	55	weak_match	non_matched_quality:weak_match;candidate_headword_differs	l	ian	final_outside_compact_inventory
123	1	1	月亮婆婆	yoeq1lian55bo55bo52	lian	55	matched	candidate_headword_differs	l	ian	final_outside_compact_inventory
123	1	4	月亮光	yoeq1lian55kuaon52	lian	55	matched	ok	l	ian	final_outside_compact_inventory
123	1	5	月亮地下	yoeq1lian55di55gho52	lian	55	matched	ok	l	ian	final_outside_compact_inventory
123	1	7	刚圈	kaon33chioen52	chioen	52	weak_match	non_matched_quality:weak_match;candidate_headword_differs	ch	ioen	final_outside_compact_inventory
123	1	9	星宿	shin33shieu55	shieu	55	weak_match	non_matched_quality:weak_match;candidate_headword_differs	sh	ieu	final_outside_compact_inventory
123	1	12	五更晓	ng115kan55shiau52	ng	115	matched	ok	ng		final_outside_compact_inventory
123	1	14	牛郎星	gnieu11laon55shin52	gnieu	11	matched	candidate_headword_differs	gn	ieu	final_outside_compact_inventory
123	1	16	七簇星	chiq3tshoq5shin52	chiq	3	matched	candidate_headword_differs	ch	iq	final_outside_compact_inventory
124	2	10	鱼厣云	yu11ieen55yoen52	ieen	55	low_match	non_matched_quality:low_match;candidate_headword_differs		ieen	final_outside_compact_inventory
124	2	15	霹雳雷	phiq3liq5le52	phiq	3	matched	ok	ph	iq	final_outside_compact_inventory
124	2	15	霹雳雷	phiq3liq5le52	liq	5	matched	ok	l	iq	final_outside_compact_inventory
124	2	17	响雷	shian335le52	shian	335	weak_match	non_matched_quality:weak_match;candidate_headword_differs	sh	ian	final_outside_compact_inventory
124	2	19	霍闪娘娘	huoq3seen55gnian55gnian52	gnian	55	matched	ok	gn	ian	final_outside_compact_inventory
124	2	19	霍闪娘娘	huoq3seen55gnian55gnian52	gnian	52	matched	ok	gn	ian	final_outside_compact_inventory
125	3	11	葱管糖	tshon33kuoen55daon52	kuoen	55	matched	candidate_headword_differs	k	uoen	final_outside_compact_inventory
125	3	12	雪	shiq45	shiq	45	low_match	non_matched_quality:low_match;candidate_headword_differs	sh	iq	final_outside_compact_inventory
125	3	13	雪子	shiq3tsy55	shiq	3	matched	ok	sh	iq	final_outside_compact_inventory
125	3	14	雪石子	shiq3zaq5tsy52	shiq	3	low_match	non_matched_quality:low_match;candidate_headword_differs	sh	iq	final_outside_compact_inventory
126	4	5	秋赖柴	chieu33la55za52	chieu	33	matched	ok	ch	ieu	final_outside_compact_inventory
126	4	6	秋老虎	chieu33lau55hu52	chieu	33	matched	candidate_headword_differs	ch	ieu	final_outside_compact_inventory
126	4	11	河头水脚	gho11deu55sy55cian52	cian	52	matched	candidate_headword_differs	c	ian	final_outside_compact_inventory
127	5	21	山脊	saen33ciq5	ciq	5	weak_match	non_matched_quality:weak_match;candidate_headword_differs	c	iq	final_outside_compact_inventory
129	7	7	河沿	gho11yen52	yen	52	weak_match	bracket_context_review;non_matched_quality:weak_match;candidate_headword_differs	y	en	final_outside_compact_inventory
129	7	15	城墙	dzeon11jian52	jian	52	matched	ok	j	ian	final_outside_compact_inventory
130	8	17	铁	thiq45	thiq	45	low_match	non_matched_quality:low_match;candidate_headword_differs	th	iq	final_outside_compact_inventory
130	8	18	生铁	san33thiq5	thiq	5	low_match	non_matched_quality:low_match;candidate_headword_differs	th	iq	final_outside_compact_inventory
130	8	19	熟铁	zoq1thiq5	thiq	5	weak_match	non_matched_quality:weak_match;candidate_headword_differs	th	iq	final_outside_compact_inventory
131	9	9	硫黄	lieu11waon52	lieu	11	weak_match	non_matched_quality:weak_match;candidate_headword_differs	l	ieu	final_outside_compact_inventory
131	9	12	吸铁石	shiq3thiq5zaq54	shiq	3	matched	ok	sh	iq	final_outside_compact_inventory
131	9	12	吸铁石	shiq3thiq5zaq54	thiq	5	matched	ok	th	iq	final_outside_compact_inventory
131	9	21	呛爿石	chian33baen33zaq3	chian	33	matched	candidate_headword_differs	ch	ian	final_outside_compact_inventory
132	10	3	锈	shieu33	shieu	33	weak_match	non_matched_quality:weak_match;candidate_headword_differs	sh	ieu	final_outside_compact_inventory
132	10	18	亮光	lian11kuaon11	lian	11	matched	ok	l	ian	final_outside_compact_inventory
132	10	20	亮头	lian11deu11	lian	11	weak_match	non_matched_quality:weak_match;candidate_headword_differs	l	ian	final_outside_compact_inventory
132	10	23	声响	seon33shian55	shian	55	matched	ok	sh	ian	final_outside_compact_inventory
132	10	26	热度	gniq1du55	gniq	1	weak_match	non_matched_quality:weak_match;candidate_headword_differs	gn	iq	final_outside_compact_inventory
133	11	1	原块头	gnioen11khue55deu52	gnioen	11	matched	candidate_headword_differs	gn	ioen	final_outside_compact_inventory
133	11	13	迹足	ciq3tsoq5	ciq	3	matched	ok	c	iq	final_outside_compact_inventory
133	11	14	丝绺	sy33lieu55	lieu	55	weak_match	non_matched_quality:weak_match;candidate_headword_differs	l	ieu	final_outside_compact_inventory
133	11	16	气息	chi33shiq3	shiq	3	matched	ok	sh	iq	final_outside_compact_inventory
133	11	18	奶花香	na115huo55shian52	shian	52	matched	ok	sh	ian	final_outside_compact_inventory
134	12	7	石牛头臭	zaq1gnieu55deu55tsheu55	gnieu	55	weak_match	non_matched_quality:weak_match;candidate_headword_differs	gn	ieu	final_outside_compact_inventory
134	12	8	乌焦毛头臭	u33ciau55mhau55deu55tsheu33	mhau	55	matched	candidate_headword_differs	m	hau	final_outside_compact_inventory
135	13	3	呆歇	nge115shiq54	shiq	54	matched	ok	sh	iq	final_outside_compact_inventory
135	13	19	旧年	jieu11gnien55	jieu	11	matched	bracket_context_review	j	ieu	final_outside_compact_inventory
135	13	24	一年到头	iq3gnien55ta55deu52	iq	3	matched	ok		iq	final_outside_compact_inventory
136	14	15	日	gniq23	gniq	23	low_match	non_matched_quality:low_match;candidate_headword_differs	gn	iq	final_outside_compact_inventory
136	14	16	日子	gniq1tsy55	gniq	1	low_match	non_matched_quality:low_match;candidate_headword_differs	gn	iq	final_outside_compact_inventory
136	14	17	日脚	gniq1ciaq5	gniq	1	low_match	non_matched_quality:low_match;candidate_headword_differs	gn	iq	final_outside_compact_inventory
136	14	23	后日	gheu11gniq5	gniq	5	weak_match	non_matched_quality:weak_match;candidate_headword_differs	gn	iq	final_outside_compact_inventory
136	14	24	大后日	do11gheu11gniq5	gniq	5	matched	ok	gn	iq	final_outside_compact_inventory
136	14	25	大大后日	do11do11gheu11gniq1	gniq	1	matched	candidate_headword_differs	gn	iq	final_outside_compact_inventory
137	15	7	隔两日	kaq3lian55gni52	lian	55	low_match	non_matched_quality:low_match;candidate_headword_differs	l	ian	final_outside_compact_inventory
137	15	8	过两天	ku33lian33thien33	lian	33	low_match	non_matched_quality:low_match;candidate_headword_differs	l	ian	final_outside_compact_inventory
137	15	9	歇	shiq45	shiq	45	matched	bracket_context_review	sh	iq	final_outside_compact_inventory
137	15	10	上两日	zan115lian55gni52	lian	55	low_match	bracket_context_review;non_matched_quality:low_match;candidate_headword_differs	l	ian	final_outside_compact_inventory
137	15	11	前两日	jien11lian55gni52	lian	55	matched	candidate_headword_differs	l	ian	final_outside_compact_inventory
137	15	16	天亮快	thien33lian55khua52	lian	55	matched	candidate_headword_differs	l	ian	final_outside_compact_inventory
137	15	17	天亮	thien33lian55	lian	55	weak_match	bracket_context_review;non_matched_quality:weak_match;candidate_headword_differs	l	ian	final_outside_compact_inventory
138	16	9	一个钟头	iq3ko55tson55deu52	iq	3	matched	candidate_headword_differs		iq	final_outside_compact_inventory
138	16	10	一刻钟	iq3kheq5tson52	iq	3	low_match	non_matched_quality:low_match;candidate_headword_differs		iq	final_outside_compact_inventory
138	16	14	一歇	iq3shiq5	iq	3	weak_match	bracket_context_review;non_matched_quality:weak_match;candidate_headword_differs		iq	final_outside_compact_inventory
138	16	14	一歇	iq3shiq5	shiq	5	weak_match	bracket_context_review;non_matched_quality:weak_match;candidate_headword_differs	sh	iq	final_outside_compact_inventory
138	16	15	一时三刻	iq3zy55saen55kheq54	iq	3	low_match	non_matched_quality:low_match;candidate_headword_differs		iq	final_outside_compact_inventory
138	16	16	一歇瞎辣	iq3shiq5haeq5laeq54	iq	3	low_match	non_matched_quality:low_match;candidate_headword_differs		iq	final_outside_compact_inventory
138	16	16	一歇瞎辣	iq3shiq5haeq5laeq54	shiq	5	low_match	non_matched_quality:low_match;candidate_headword_differs	sh	iq	final_outside_compact_inventory
138	16	18	一顷	iq3chian55	iq	3	low_match	non_matched_quality:low_match;candidate_headword_differs		iq	final_outside_compact_inventory
138	16	18	一顷	iq3chian55	chian	55	low_match	non_matched_quality:low_match;candidate_headword_differs	ch	ian	final_outside_compact_inventory
138	16	19	一生一世	iq3san55iq5sy52	iq	3	low_match	non_matched_quality:low_match;candidate_headword_differs		iq	final_outside_compact_inventory
138	16	19	一生一世	iq3san55iq5sy52	iq	5	low_match	non_matched_quality:low_match;candidate_headword_differs		iq	final_outside_compact_inventory
138	16	27	热天	gniq1thien52	gniq	1	low_match	non_matched_quality:low_match;candidate_headword_differs	gn	iq	final_outside_compact_inventory
139	17	8	元月	gnioen11gnioeq5	gnioen	11	weak_match	non_matched_quality:weak_match;candidate_headword_differs	gn	ioen	final_outside_compact_inventory
139	17	16	稼青黄不接	cia33chin33huaon33peq3ciq3	ciq	3	matched	candidate_headword_differs	c	iq	final_outside_compact_inventory
139	17	17	七月	chiq3gnioeq5	chiq	3	matched	ok	ch	iq	final_outside_compact_inventory
139	17	19	九月	cieu335gnioeq54	cieu	335	matched	ok	c	ieu	final_outside_compact_inventory
139	17	21	十一月	zeq1iq5gnioeq54	iq	5	low_match	non_matched_quality:low_match;candidate_headword_differs		iq	final_outside_compact_inventory
140	18	1	礼拜一	li115pa55iq54	iq	54	matched	candidate_headword_differs		iq	final_outside_compact_inventory
140	18	8	春节	tsheen33ciq5	ciq	5	matched	ok	c	iq	final_outside_compact_inventory
140	18	9	正月初一	tseon33gnioeq5tshu55iq54	iq	54	matched	ok		iq	final_outside_compact_inventory
140	18	10	元宵	gnioen11shiau52	gnioen	11	matched	ok	gn	ioen	final_outside_compact_inventory
140	18	12	清明节	chin33meen55ciq54	ciq	54	matched	candidate_headword_differs	c	iq	final_outside_compact_inventory
140	18	15	七月七	chiq3gnioeq5chiq54	chiq	3	matched	ok	ch	iq	final_outside_compact_inventory
140	18	15	七月七	chiq3gnioeq5chiq54	chiq	54	matched	ok	ch	iq	final_outside_compact_inventory
140	18	17	中秋	tson33chieu52	chieu	52	matched	ok	ch	ieu	final_outside_compact_inventory
140	18	18	中秋节	tson33chieu55ciq54	chieu	55	low_match	non_matched_quality:low_match;candidate_headword_differs	ch	ieu	final_outside_compact_inventory
140	18	18	中秋节	tson33chieu55ciq54	ciq	54	low_match	non_matched_quality:low_match;candidate_headword_differs	c	iq	final_outside_compact_inventory
140	18	20	重阳节	dzon11yan55ciq54	ciq	54	matched	ok	c	iq	final_outside_compact_inventory
140	18	24	节头节尾	ciq3deu55ciq5mi52	ciq	3	matched	ok	c	iq	final_outside_compact_inventory
140	18	24	节头节尾	ciq3deu55ciq5mi52	ciq	5	matched	ok	c	iq	final_outside_compact_inventory
140	18	25	三八节	saen33paeq5ciq54	ciq	54	matched	ok	c	iq	final_outside_compact_inventory
140	18	26	五一节	wu115iq5ciq54	iq	5	unmatched	empty_image;non_matched_quality:unmatched;candidate_headword_differs		iq	final_outside_compact_inventory
140	18	26	五一节	wu115iq5ciq54	ciq	54	unmatched	empty_image;non_matched_quality:unmatched;candidate_headword_differs	c	iq	final_outside_compact_inventory
141	19	3	大雪	da11shiq1	shiq	1	unmatched	empty_image;non_matched_quality:unmatched;candidate_headword_differs	sh	iq	final_outside_compact_inventory
141	19	4	小雪	shiau335shiq54	shiq	54	unmatched	empty_image;non_matched_quality:unmatched;candidate_headword_differs	sh	iq	final_outside_compact_inventory
141	19	5	立冬	liq1ton52	liq	1	weak_match	non_matched_quality:weak_match;candidate_headword_differs	l	iq	final_outside_compact_inventory
141	19	8	秋分	chieu33feen52	chieu	33	weak_match	non_matched_quality:weak_match;candidate_headword_differs	ch	ieu	final_outside_compact_inventory
141	19	11	立秋	liq1chieu52	liq	1	weak_match	non_matched_quality:weak_match;candidate_headword_differs	l	iq	final_outside_compact_inventory
141	19	11	立秋	liq1chieu52	chieu	52	weak_match	non_matched_quality:weak_match;candidate_headword_differs	ch	ieu	final_outside_compact_inventory
141	19	17	立夏	liq1gho55	liq	1	weak_match	non_matched_quality:weak_match;candidate_headword_differs	l	iq	final_outside_compact_inventory
141	19	23	立春	liq1tsheen52	liq	1	weak_match	non_matched_quality:weak_match;candidate_headword_differs	l	iq	final_outside_compact_inventory
141	19	24	国庆节	kuoq3chin55ciq54	ciq	54	low_match	non_matched_quality:low_match;candidate_headword_differs	c	iq	final_outside_compact_inventory
141	19	25	儿童节	gni11don55ciq54	ciq	54	low_match	non_matched_quality:low_match;candidate_headword_differs	c	iq	final_outside_compact_inventory
142	20	3	象	jian113	jian	113	matched	ok	j	ian	final_outside_compact_inventory
142	20	5	马熊	mha33yon52	mha	33	weak_match	non_matched_quality:weak_match;candidate_headword_differs	m	ha	final_outside_compact_inventory
142	20	13	獾猪	huoen33tsy33	huoen	33	weak_match	non_matched_quality:weak_match;candidate_headword_differs	h	uoen	final_outside_compact_inventory
143	21	18	八官	paeq3kuoen52	kuoen	52	matched	ok	k	uoen	final_outside_compact_inventory
143	21	23	鸳鸯	ioen33ian52	ioen	33	matched	candidate_headword_differs		ioen	final_outside_compact_inventory
143	21	23	鸳鸯	ioen33ian52	ian	52	matched	candidate_headword_differs		ian	final_outside_compact_inventory
143	21	28	鲫鱼	ciq3yu52	ciq	3	weak_match	non_matched_quality:weak_match;candidate_headword_differs	c	iq	final_outside_compact_inventory
143	21	29	白鲫	baq1ciq5	ciq	5	weak_match	non_matched_quality:weak_match;candidate_headword_differs	c	iq	final_outside_compact_inventory
144	22	12	鲇鱼	gniaen11yu52	gniaen	11	low_match	non_matched_quality:low_match;candidate_headword_differs	gn	iaen	final_outside_compact_inventory
144	22	21	泥鳅	gni11chieu52	chieu	52	weak_match	non_matched_quality:weak_match;candidate_headword_differs	ch	ieu	final_outside_compact_inventory
145	23	0	乌贼	u33zhiq5	zhiq	5	matched	bracket_context_review	zh	iq	final_outside_compact_inventory
145	23	4	鱼秧	yu11ian52	ian	52	matched	ok		ian	final_outside_compact_inventory
145	23	23	毛大蟹	mhau33da55ha52	mhau	33	matched	ok	m	hau	final_outside_compact_inventory
146	24	2	黄蚬	huaon33shioen55	shioen	55	low_match	non_matched_quality:low_match;candidate_headword_differs	sh	ioen	final_outside_compact_inventory
146	24	6	土铁	thu335thiq54	thiq	54	weak_match	non_matched_quality:weak_match;candidate_headword_differs	th	iq	final_outside_compact_inventory
146	24	18	对蚕的爱称	te33zeen33tiq3e33tsheon33	tiq	3	matched	candidate_headword_differs	t	iq	final_outside_compact_inventory
146	24	20	蚕姑娘	zeen11ku55gnian52	gnian	52	matched	ok	gn	ian	final_outside_compact_inventory
146	24	24	蜜蜂	miq1fon52	miq	1	matched	ok	m	iq	final_outside_compact_inventory
146	24	30	灶壁鸡	tsa33piq3ci33	piq	3	matched	ok	p	iq	final_outside_compact_inventory
146	24	31	绩婆婆	ciq3bo55bo52	ciq	3	unmatched	empty_image;non_matched_quality:unmatched;candidate_headword_differs	c	iq	final_outside_compact_inventory
147	25	0	油唧蛉	yeu11ciq5lin52	ciq	5	low_match	non_matched_quality:low_match;candidate_headword_differs	c	iq	final_outside_compact_inventory
147	25	6	蜒螺	yen11lo52	yen	11	low_match	non_matched_quality:low_match;candidate_headword_differs	y	en	final_outside_compact_inventory
147	25	7	带壳蜒螺	ta33khoq3yen33lo33	yen	33	low_match	non_matched_quality:low_match;candidate_headword_differs	y	en	final_outside_compact_inventory
147	25	9	知了	tsy33iiau55	iiau	55	weak_match	bracket_context_review;non_matched_quality:weak_match;candidate_headword_differs		iiau	final_outside_compact_inventory
147	25	17	毛蝴蝶	mhau33wu55diaq54	mhau	33	matched	ok	m	hau	final_outside_compact_inventory
147	25	18	杨痢毛	lian11li55mhau52	lian	11	matched	bracket_context_review	l	ian	final_outside_compact_inventory
147	25	18	杨痢毛	lian11li55mhau52	mhau	52	matched	bracket_context_review	m	hau	final_outside_compact_inventory
147	25	27	蜿蚁	uoen335mi52	uoen	335	weak_match	non_matched_quality:weak_match;candidate_headword_differs		uoen	final_outside_compact_inventory
147	25	28	结蛛	ciq3ciu52	ciq	3	matched	ok	c	iq	final_outside_compact_inventory
148	26	1	结蛛罗绷	ciq3ciu55lo55pan52	ciq	3	matched	ok	c	iq	final_outside_compact_inventory
148	26	2	雪子	shiq3tsy55	shiq	3	low_match	non_matched_quality:low_match;candidate_headword_differs	sh	iq	final_outside_compact_inventory
148	26	4	壁老虎	piq3lau55hu52	piq	3	matched	candidate_headword_differs	p	iq	final_outside_compact_inventory
148	26	9	卧切	ngo11chiq1	chiq	1	unmatched	empty_image;non_matched_quality:unmatched;candidate_headword_differs	ch	iq	final_outside_compact_inventory
148	26	14	牛豸	gnieu11dzy55	gnieu	11	weak_match	non_matched_quality:weak_match;candidate_headword_differs	gn	ieu	final_outside_compact_inventory
148	26	15	牛虻	gnieu11man52	gnieu	11	low_match	non_matched_quality:low_match;candidate_headword_differs	gn	ieu	final_outside_compact_inventory
148	26	29	竹叶青	tsoq3yiq5chin52	yiq	5	matched	candidate_headword_differs	y	iq	final_outside_compact_inventory
149	27	0	训读字	shioen33doeq3zy33	shioen	33	matched	ok	sh	ioen	final_outside_compact_inventory
149	27	5	蜥蜴	shiq45	shiq	45	unmatched	empty_image;non_matched_quality:unmatched;candidate_headword_differs	sh	iq	final_outside_compact_inventory
149	27	6	蝎子	shiq3tsy55	shiq	3	weak_match	non_matched_quality:weak_match;candidate_headword_differs	sh	iq	final_outside_compact_inventory
149	27	8	蚊螋	meen11shieu55	shieu	55	low_match	non_matched_quality:low_match;candidate_headword_differs	sh	ieu	final_outside_compact_inventory
149	27	11	牛	gnieu231	gnieu	231	matched	bracket_context_review	gn	ieu	final_outside_compact_inventory
149	27	12	黄牛	huaon33gnieu52	gnieu	52	matched	ok	gn	ieu	final_outside_compact_inventory
149	27	13	雄牛	yon11gnieu52	gnieu	52	matched	ok	gn	ieu	final_outside_compact_inventory
149	27	14	水牯牛	sy335ku55gnieu52	gnieu	52	matched	candidate_headword_differs	gn	ieu	final_outside_compact_inventory
149	27	15	牯牛	ku335gnieu52	gnieu	52	weak_match	non_matched_quality:weak_match;candidate_headword_differs	gn	ieu	final_outside_compact_inventory
149	27	16	特牛	deq1gnieu52	gnieu	52	matched	ok	gn	ieu	final_outside_compact_inventory
149	27	17	特牛	deq1gnieu52	gnieu	52	weak_match	non_matched_quality:weak_match;candidate_headword_differs	gn	ieu	final_outside_compact_inventory
149	27	18	马	mha52	mha	52	matched	ok	m	ha	final_outside_compact_inventory
149	27	19	雄马	yon11mha52	mha	52	matched	ok	m	ha	final_outside_compact_inventory
149	27	20	雌马	tshy33mha52	mha	52	matched	ok	m	ha	final_outside_compact_inventory
149	27	21	小马	shiau335mha52	mha	52	matched	ok	m	ha	final_outside_compact_inventory
150	28	3	猪娘	tsy33gnian52	gnian	52	matched	ok	gn	ian	final_outside_compact_inventory
151	29	2	鸡娘	ci33gnian52	gnian	52	matched	ok	gn	ian	final_outside_compact_inventory
151	29	4	赖孵鸡娘	la11bu11ci11gnian11	gnian	11	matched	ok	gn	ian	final_outside_compact_inventory
151	29	5	训读字	shioen33doeq3zy33	shioen	33	matched	candidate_headword_differs	sh	ioen	final_outside_compact_inventory
151	29	14	鸭娘	aeq3gnian52	gnian	52	matched	ok	gn	ian	final_outside_compact_inventory
151	29	23	鹅娘	ngo11gnian52	gnian	52	matched	ok	gn	ian	final_outside_compact_inventory
151	29	24	黄毛小鹅	huaon33mhau55shiau55ngo52	mhau	55	matched	ok	m	hau	final_outside_compact_inventory
152	30	4	翼膀	yiq1paon55	yiq	1	low_match	non_matched_quality:low_match;candidate_headword_differs	y	iq	final_outside_compact_inventory
152	30	5	翼梢	yiq1sau52	yiq	1	low_match	non_matched_quality:low_match;candidate_headword_differs	y	iq	final_outside_compact_inventory
152	30	6	毛毛	mhau33mhau52	mhau	33	weak_match	non_matched_quality:weak_match;candidate_headword_differs	m	hau	final_outside_compact_inventory
152	30	6	毛毛	mhau33mhau52	mhau	52	weak_match	non_matched_quality:weak_match;candidate_headword_differs	m	hau	final_outside_compact_inventory
152	30	7	毛	mhau52	mhau	52	low_match	non_matched_quality:low_match;candidate_headword_differs	m	hau	final_outside_compact_inventory
152	30	8	雉鸡毛	dzy115ci55mhau52	mhau	52	matched	ok	m	hau	final_outside_compact_inventory
152	30	12	冠	kuoen52	kuoen	52	matched	ok	k	uoen	final_outside_compact_inventory
152	30	24	桑叶	saon33yiq5	yiq	5	low_match	non_matched_quality:low_match;candidate_headword_differs	y	iq	final_outside_compact_inventory
153	31	0	香椿树	shian33tsheen55zhiu52	shian	33	matched	ok	sh	ian	final_outside_compact_inventory
153	31	1	杨柳树	lian11lieu55zhiu52	lian	11	matched	candidate_headword_differs	l	ian	final_outside_compact_inventory
153	31	1	杨柳树	lian11lieu55zhiu52	lieu	55	matched	candidate_headword_differs	l	ieu	final_outside_compact_inventory
153	31	2	倒挂杨柳树	tau335kuo55lian55lieu55zhiu52	lian	55	low_match	non_matched_quality:low_match;candidate_headword_differs	l	ian	final_outside_compact_inventory
153	31	2	倒挂杨柳树	tau335kuo55lian55lieu55zhiu52	lieu	55	low_match	non_matched_quality:low_match;candidate_headword_differs	l	ieu	final_outside_compact_inventory
153	31	6	枫叶	fon33yiq5	yiq	5	matched	ok	y	iq	final_outside_compact_inventory
153	31	14	麻栎树	mo11liq5zhiu52	liq	5	matched	candidate_headword_differs	l	iq	final_outside_compact_inventory
153	31	19	树叶	zhiu11yiq1	yiq	1	matched	ok	y	iq	final_outside_compact_inventory
153	31	21	树丫权	zhiu11ia11jioen11	jioen	11	matched	ok	j	ioen	final_outside_compact_inventory
153	31	22	丫权	ia33jioen52	jioen	52	matched	candidate_headword_differs	j	ioen	final_outside_compact_inventory
154	32	2	毛竹	mhau33tsoq5	mhau	33	matched	ok	m	hau	final_outside_compact_inventory
154	32	8	蔑	miq23	miq	23	low_match	non_matched_quality:low_match;candidate_headword_differs	m	iq	final_outside_compact_inventory
154	32	10	毛笋	mhau33seen55	mhau	33	matched	ok	m	hau	final_outside_compact_inventory
154	32	14	马鞭笋	mha33pien55seen52	mha	33	matched	ok	m	ha	final_outside_compact_inventory
154	32	27	丁香花	tin33shian55huo52	shian	55	unmatched	empty_image;non_matched_quality:unmatched;candidate_headword_differs	sh	ian	final_outside_compact_inventory
155	33	9	蔷薇花	jian11bi55huo52	jian	11	low_match	non_matched_quality:low_match;candidate_headword_differs	j	ian	final_outside_compact_inventory
155	33	15	石榴花	zaq1lieu55huo52	lieu	55	matched	ok	l	ieu	final_outside_compact_inventory
155	33	20	鸡冠花	ci33kuoen55huo52	kuoen	55	matched	ok	k	uoen	final_outside_compact_inventory
155	33	27	映山红	ian335saen55won52	ian	335	matched	ok		ian	final_outside_compact_inventory
155	33	29	向日葵	shian33gni33kue33	shian	33	matched	ok	sh	ian	final_outside_compact_inventory
156	34	2	拉拉藤	iha33iha55deon52	iha	33	matched	candidate_headword_differs		iha	final_outside_compact_inventory
156	34	2	拉拉藤	iha33iha55deon52	iha	55	matched	candidate_headword_differs		iha	final_outside_compact_inventory
156	34	7	木贼草	moq1zhiq5tshau52	zhiq	5	matched	candidate_headword_differs	zh	iq	final_outside_compact_inventory
156	34	11	酸妹妹	soen33mhe55mhe52	mhe	55	matched	ok	m	he	final_outside_compact_inventory
156	34	11	酸妹妹	soen33mhe55mhe52	mhe	52	matched	ok	m	he	final_outside_compact_inventory
156	34	12	臭婆娘	tsheu33bo33gnian33	gnian	33	matched	candidate_headword_differs	gn	ian	final_outside_compact_inventory
156	34	14	官司草	kuoen33sy55tshau52	kuoen	33	matched	bracket_context_review;candidate_headword_differs	k	uoen	final_outside_compact_inventory
156	34	20	槿杞柳	cin335chi55lieu52	lieu	52	matched	candidate_headword_differs	l	ieu	final_outside_compact_inventory
156	34	21	白毛夏枯草	baq1mhau55gho55khu55tshau52	mhau	55	weak_match	non_matched_quality:weak_match;candidate_headword_differs	m	hau	final_outside_compact_inventory
156	34	26	荷叶	wu11yiq5	yiq	5	weak_match	non_matched_quality:weak_match;candidate_headword_differs	y	iq	final_outside_compact_inventory
157	35	14	秧	ian52	ian	52	matched	ok		ian	final_outside_compact_inventory
157	35	16	叶瓣	yiq1phaen55	yiq	1	matched	ok	y	iq	final_outside_compact_inventory
157	35	17	叶片	yiq1phien55	yiq	1	matched	ok	y	iq	final_outside_compact_inventory
157	35	25	粮食作物	lian11zeoq5tseq5veq54	lian	11	unmatched	empty_image;non_matched_quality:unmatched;candidate_headword_differs	l	ian	final_outside_compact_inventory
158	36	1	杂粮	dzeoq1lian52	lian	52	matched	ok	l	ian	final_outside_compact_inventory
158	36	9	秧苗	ian33miau52	ian	33	matched	ok		ian	final_outside_compact_inventory
158	36	28	毛豆	mhau33deu55	mhau	33	matched	ok	m	hau	final_outside_compact_inventory
159	37	5	芋节	gniu11ciq1	ciq	1	low_match	non_matched_quality:low_match;candidate_headword_differs	c	iq	final_outside_compact_inventory
159	37	16	烟叶	ien33yiq5	yiq	5	matched	candidate_headword_differs	y	iq	final_outside_compact_inventory
159	37	24	谷子的籽实	kuoq3tsy55tiq5tsy55zeq54	tiq	5	matched	candidate_headword_differs	t	iq	final_outside_compact_inventory
159	37	25	高梁	kau33lian52	lian	52	weak_match	non_matched_quality:weak_match;candidate_headword_differs	l	ian	final_outside_compact_inventory
160	38	9	穰糠	gniaen11khaon52	gniaen	11	low_match	non_matched_quality:low_match;candidate_headword_differs	gn	iaen	final_outside_compact_inventory
160	38	11	闷糠	mheen33khaon52	mheen	33	weak_match	non_matched_quality:weak_match;candidate_headword_differs	m	heen	final_outside_compact_inventory
160	38	24	鸡毛菜	ci33mhau55tshe52	mhau	55	matched	ok	m	hau	final_outside_compact_inventory
160	38	27	卷心菜	cioen335shin55tshe52	cioen	335	matched	candidate_headword_differs	c	ioen	final_outside_compact_inventory
161	39	6	雪里	shiq3li55	shiq	3	low_match	non_matched_quality:low_match;candidate_headword_differs	sh	iq	final_outside_compact_inventory
161	39	7	雪里菜	shiq3li55tshe52	shiq	3	matched	candidate_headword_differs	sh	iq	final_outside_compact_inventory
161	39	11	马兰头	mha33laen55deu52	mha	33	matched	ok	m	ha	final_outside_compact_inventory
161	39	12	一种野菜	iq3tson55ya55tshe52	iq	3	matched	candidate_headword_differs		iq	final_outside_compact_inventory
161	39	13	韭菜	cieu335tshe52	cieu	335	weak_match	non_matched_quality:weak_match;candidate_headword_differs	c	ieu	final_outside_compact_inventory
161	39	14	韭芽	cieu335ngo52	cieu	335	matched	ok	c	ieu	final_outside_compact_inventory
161	39	15	黄芽韭菜	huaon33ngo55cieu55tshe52	cieu	55	matched	candidate_headword_differs	c	ieu	final_outside_compact_inventory
161	39	21	生姜	san33cian52	cian	52	matched	ok	c	ian	final_outside_compact_inventory
161	39	24	芥拉头	ka33iha33deu33	iha	33	matched	candidate_headword_differs		iha	final_outside_compact_inventory
161	39	26	香椿脑头	shian33tsheen55nau55deu52	shian	33	matched	ok	sh	ian	final_outside_compact_inventory
162	40	17	水蜜桃	sy335miq5dau52	miq	5	matched	candidate_headword_differs	m	iq	final_outside_compact_inventory
162	40	27	一种柿子	iq3tson55zy55tsy52	iq	3	weak_match	non_matched_quality:weak_match;candidate_headword_differs		iq	final_outside_compact_inventory
162	40	28	石榴	zaq1lieu52	lieu	52	weak_match	non_matched_quality:weak_match;candidate_headword_differs	l	ieu	final_outside_compact_inventory
163	41	2	黄岩蜜橘	huaon33ngaen55miq5cioeq54	miq	5	weak_match	non_matched_quality:weak_match;candidate_headword_differs	m	iq	final_outside_compact_inventory
163	41	6	香脬	shian33phau52	shian	33	weak_match	non_matched_quality:weak_match;candidate_headword_differs	sh	ian	final_outside_compact_inventory
163	41	10	洋官枣	yan11kuoen55tsau52	kuoen	55	matched	ok	k	uoen	final_outside_compact_inventory
163	41	12	杨梅	lian11me52	lian	11	weak_match	non_matched_quality:weak_match;candidate_headword_differs	l	ian	final_outside_compact_inventory
163	41	13	香蕉	shian33ciau52	shian	33	weak_match	non_matched_quality:weak_match;candidate_headword_differs	sh	ian	final_outside_compact_inventory
163	41	21	老熟的菱角	lau115zoq5tiq5lin55koq54	tiq	5	unmatched	empty_image;non_matched_quality:unmatched;candidate_headword_differs	t	iq	final_outside_compact_inventory
164	42	3	高粱梗儿	kau33lian55kuaon55gni52	lian	55	weak_match	non_matched_quality:weak_match;candidate_headword_differs	l	ian	final_outside_compact_inventory
164	42	8	栗子	liq1tsy55	liq	1	matched	ok	l	iq	final_outside_compact_inventory
164	42	9	魁栗	khue33liq5	liq	5	matched	ok	l	iq	final_outside_compact_inventory
164	42	10	梓栗	tsy335liq54	liq	54	matched	ok	l	iq	final_outside_compact_inventory
164	42	17	向日葵子	shian33gni33kue33tsy33	shian	33	low_match	non_matched_quality:low_match;candidate_headword_differs	sh	ian	final_outside_compact_inventory
164	42	18	向瓜子	shian33kuo33tsy33	shian	33	low_match	non_matched_quality:low_match;candidate_headword_differs	sh	ian	final_outside_compact_inventory
164	42	22	的水果	tiq3sy55ku52	tiq	3	unmatched	empty_image;non_matched_quality:unmatched;candidate_headword_differs	t	iq	final_outside_compact_inventory
165	43	4	零食	ihin33zeoq5	ihin	33	matched	ok		ihin	final_outside_compact_inventory
165	43	10	剩余的米饭	dzeon11yu11tiq1mi11vaen11	tiq	1	matched	candidate_headword_differs	t	iq	final_outside_compact_inventory
165	43	12	饭娘	vaen11gnian52	gnian	52	matched	ok	gn	ian	final_outside_compact_inventory
165	43	16	僵饭	cian33vaen52	cian	33	weak_match	non_matched_quality:weak_match;candidate_headword_differs	c	ian	final_outside_compact_inventory
166	44	1	花卷	huo33cioen55	cioen	55	matched	ok	c	ioen	final_outside_compact_inventory
166	44	11	馄饨	wen11doen52	wen	11	low_match	non_matched_quality:low_match;candidate_headword_differs	w	en	final_outside_compact_inventory
166	44	16	牛肉	gnieu11gnio55	gnieu	11	matched	ok	gn	ieu	final_outside_compact_inventory
166	44	22	栗子肉	liq1tsy55gnio52	liq	1	matched	candidate_headword_differs	l	iq	final_outside_compact_inventory
167	45	12	香肠	shian33dzan52	shian	33	matched	ok	sh	ian	final_outside_compact_inventory
167	45	18	熏鹅	shioen33ngo52	shioen	33	matched	ok	sh	ioen	final_outside_compact_inventory
167	45	20	盐鸭子	yen11aeq5tsy52	yen	11	matched	ok	y	en	final_outside_compact_inventory
167	45	25	鲞	shian335	shian	335	low_match	non_matched_quality:low_match;candidate_headword_differs	sh	ian	final_outside_compact_inventory
167	45	26	咸鲞	ghaen11shian55	shian	55	low_match	non_matched_quality:low_match;candidate_headword_differs	sh	ian	final_outside_compact_inventory
167	45	27	卷	cioen335	cioen	335	low_match	non_matched_quality:low_match;candidate_headword_differs	c	ioen	final_outside_compact_inventory
168	46	1	乌贼益	u33zhiq5iq54	zhiq	5	matched	candidate_headword_differs	zh	iq	final_outside_compact_inventory
168	46	1	乌贼益	u33zhiq5iq54	iq	54	matched	candidate_headword_differs		iq	final_outside_compact_inventory
168	46	2	乌贼鱼干	u33zhiq5yu55keen52	zhiq	5	low_match	non_matched_quality:low_match;candidate_headword_differs	zh	iq	final_outside_compact_inventory
168	46	5	瓜卷	kuo33cioen55	cioen	55	weak_match	non_matched_quality:weak_match;candidate_headword_differs	c	ioen	final_outside_compact_inventory
168	46	7	较差的瓜	kau33tshy33tiq3kuo33	tiq	3	weak_match	non_matched_quality:weak_match;candidate_headword_differs	t	iq	final_outside_compact_inventory
168	46	24	香菇	shian33ku52	shian	33	matched	ok	sh	ian	final_outside_compact_inventory
168	46	34	酱萝萄	cian33lo33dau33	cian	33	low_match	non_matched_quality:low_match;candidate_headword_differs	c	ian	final_outside_compact_inventory
168	46	37	酱瓜	cian33kuo33	cian	33	low_match	non_matched_quality:low_match;candidate_headword_differs	c	ian	final_outside_compact_inventory
170	48	1	过酒配	ku33cieu33phe33	cieu	33	matched	candidate_headword_differs	c	ieu	final_outside_compact_inventory
170	48	6	茶叶蛋	dzo11yiq5daen52	yiq	5	matched	candidate_headword_differs	y	iq	final_outside_compact_inventory
170	48	12	熏鱼	shioen33yu52	shioen	33	weak_match	non_matched_quality:weak_match;candidate_headword_differs	sh	ioen	final_outside_compact_inventory
170	48	23	抑豆腐	iq3deu55vu52	iq	3	matched	candidate_headword_differs		iq	final_outside_compact_inventory
171	49	10	碗脚	uoen335ciaq54	uoen	335	matched	ok		uoen	final_outside_compact_inventory
171	49	15	末	mheq45	mheq	45	low_match	non_matched_quality:low_match;candidate_headword_differs	m	heq	final_outside_compact_inventory
171	49	17	茶叶茶	dzo11yiq5dzo52	yiq	5	matched	ok	y	iq	final_outside_compact_inventory
171	49	19	老酒	lau115cieu52	cieu	52	weak_match	non_matched_quality:weak_match;candidate_headword_differs	c	ieu	final_outside_compact_inventory
171	49	21	酒合酒	cieu335keq5cieu52	cieu	335	low_match	non_matched_quality:low_match;candidate_headword_differs	c	ieu	final_outside_compact_inventory
171	49	21	酒合酒	cieu335keq5cieu52	cieu	52	low_match	non_matched_quality:low_match;candidate_headword_differs	c	ieu	final_outside_compact_inventory
171	49	22	新酒	shin33cieu55	cieu	55	weak_match	non_matched_quality:weak_match;candidate_headword_differs	c	ieu	final_outside_compact_inventory
171	49	23	烧酒	sau33cieu55	cieu	55	weak_match	non_matched_quality:weak_match;candidate_headword_differs	c	ieu	final_outside_compact_inventory
171	49	24	白酒	baq1cieu55	cieu	55	unmatched	empty_image;non_matched_quality:unmatched;candidate_headword_differs	c	ieu	final_outside_compact_inventory
171	49	26	啤酒	cieu335	cieu	335	matched	ok	c	ieu	final_outside_compact_inventory
171	49	27	葡萄酒	bu11dau55cieu52	cieu	52	matched	ok	c	ieu	final_outside_compact_inventory
172	50	13	葱管糖	tshon33kuoen55daon52	kuoen	55	matched	ok	k	uoen	final_outside_compact_inventory
172	50	15	牛皮糖	gnieu11bi55daon52	gnieu	11	low_match	non_matched_quality:low_match;candidate_headword_differs	gn	ieu	final_outside_compact_inventory
172	50	21	干熟的枣儿	keen33zoq5tiq5tsau55gni52	tiq	5	matched	candidate_headword_differs	t	iq	final_outside_compact_inventory
172	50	24	腌制的橄榄	ien33tsy55tiq5kaen55laen52	tiq	5	unmatched	empty_image;non_matched_quality:unmatched;candidate_headword_differs	t	iq	final_outside_compact_inventory
173	51	25	春卷	tsheen33cioen55	cioen	55	matched	ok	c	ioen	final_outside_compact_inventory
174	52	2	甜酒酿	dien11cieu55gnian52	cieu	55	unmatched	empty_image;non_matched_quality:unmatched;candidate_headword_differs	c	ieu	final_outside_compact_inventory
174	52	2	甜酒酿	dien11cieu55gnian52	gnian	52	unmatched	empty_image;non_matched_quality:unmatched;candidate_headword_differs	gn	ian	final_outside_compact_inventory
174	52	3	豆腐浆	deu11vu11cian11	cian	11	matched	ok	c	ian	final_outside_compact_inventory
174	52	12	麻酱	mo11cian55	cian	55	matched	ok	c	ian	final_outside_compact_inventory
174	52	16	香油	shian33yeu52	shian	33	weak_match	non_matched_quality:weak_match;candidate_headword_differs	sh	ian	final_outside_compact_inventory
174	52	21	盐	yen231	yen	231	matched	ok	y	en	final_outside_compact_inventory
174	52	22	盐花	yen11huo52	yen	11	matched	ok	y	en	final_outside_compact_inventory
174	52	23	盐奶	yen11na55	yen	11	matched	ok	y	en	final_outside_compact_inventory
174	52	24	豆板酱	deu11paen11cian11	cian	11	matched	candidate_headword_differs	c	ian	final_outside_compact_inventory
174	52	25	甜面酱	dien11mien55cian52	cian	52	low_match	non_matched_quality:low_match;candidate_headword_differs	c	ian	final_outside_compact_inventory
174	52	26	辣酱	laeq1cian55	cian	55	weak_match	non_matched_quality:weak_match;candidate_headword_differs	c	ian	final_outside_compact_inventory
174	52	27	酱油	cian33yeu33	cian	33	low_match	non_matched_quality:low_match;candidate_headword_differs	c	ian	final_outside_compact_inventory
175	53	6	蜜糖	miq1daon52	miq	1	matched	ok	m	iq	final_outside_compact_inventory
175	53	9	茴香	we11shian52	shian	52	weak_match	non_matched_quality:weak_match;candidate_headword_differs	sh	ian	final_outside_compact_inventory
175	53	16	生姜丁	san33cian55tin52	cian	55	matched	ok	c	ian	final_outside_compact_inventory
176	54	2	哔叽	piq3ci52	piq	3	weak_match	non_matched_quality:weak_match;candidate_headword_differs	p	iq	final_outside_compact_inventory
176	54	4	的确良	tiq3chioeq5lian52	tiq	3	matched	ok	t	iq	final_outside_compact_inventory
176	54	4	的确良	tiq3chioeq5lian52	lian	52	matched	ok	l	ian	final_outside_compact_inventory
176	54	8	一种绸子	iq3tson55dzeu55tsy52	iq	3	matched	candidate_headword_differs		iq	final_outside_compact_inventory
176	54	12	香云纱	shian33yoen55so52	shian	33	matched	candidate_headword_differs	sh	ian	final_outside_compact_inventory
176	54	19	毛货	mhau33hu55	mhau	33	matched	ok	m	hau	final_outside_compact_inventory
176	54	20	毛线	mhau33shien55	mhau	33	matched	ok	m	hau	final_outside_compact_inventory
176	54	30	零头布	ihin33deu55pu52	ihin	33	low_match	non_matched_quality:low_match;candidate_headword_differs		ihin	final_outside_compact_inventory
177	55	25	棉毛衫	mien11mhau55saen52	mhau	55	matched	ok	m	hau	final_outside_compact_inventory
177	55	27	球衫	jieu11saen52	jieu	11	matched	ok	j	ieu	final_outside_compact_inventory
177	55	28	棉毛裤	mien11mhau55khu52	mhau	55	matched	ok	m	hau	final_outside_compact_inventory
178	56	2	球裤	jieu11khu55	jieu	11	weak_match	non_matched_quality:weak_match;candidate_headword_differs	j	ieu	final_outside_compact_inventory
178	56	3	毛线衫	mhau33shien55saen52	mhau	33	matched	ok	m	hau	final_outside_compact_inventory
178	56	4	毛线裤	mhau33shien55khu52	mhau	33	matched	candidate_headword_differs	m	hau	final_outside_compact_inventory
178	56	8	马甲	mha33ciaq5	mha	33	matched	ok	m	ha	final_outside_compact_inventory
178	56	17	牛头水裤	gnieu11deu55sy55khu52	gnieu	11	matched	ok	gn	ieu	final_outside_compact_inventory
178	56	21	两裆裤	lian115taon55khu52	lian	115	low_match	non_matched_quality:low_match;candidate_headword_differs	l	ian	final_outside_compact_inventory
178	56	24	裙	jioen231	jioen	231	low_match	non_matched_quality:low_match;candidate_headword_differs	j	ioen	final_outside_compact_inventory
178	56	25	连衫裙	lien11saen55jioen52	jioen	52	matched	candidate_headword_differs	j	ioen	final_outside_compact_inventory
178	56	26	抱裙	bau115jioen52	jioen	52	weak_match	non_matched_quality:weak_match;candidate_headword_differs	j	ioen	final_outside_compact_inventory
178	56	27	马褂	mha33kuo55	mha	33	weak_match	non_matched_quality:weak_match;candidate_headword_differs	m	ha	final_outside_compact_inventory
178	56	29	一口钟	iq3kheu55tson52	iq	3	low_match	non_matched_quality:low_match;candidate_headword_differs		iq	final_outside_compact_inventory
179	57	5	袖口	zhieu11kheu11	zhieu	11	matched	ok	zh	ieu	final_outside_compact_inventory
179	57	6	袖口头	zhieu11kheu11deu11	zhieu	11	low_match	non_matched_quality:low_match;candidate_headword_differs	zh	ieu	final_outside_compact_inventory
179	57	16	裤脚管	khu33ciaq3kuoen33	kuoen	33	matched	candidate_headword_differs	k	uoen	final_outside_compact_inventory
179	57	27	纽子	gnieu115tsy52	gnieu	115	matched	bracket_context_review	gn	ieu	final_outside_compact_inventory
179	57	28	衣纽儿	i33gnieu55gni52	gnieu	55	unmatched	empty_image;non_matched_quality:unmatched;candidate_headword_differs	gn	ieu	final_outside_compact_inventory
179	57	29	纽	gnieu113	gnieu	113	low_match	bracket_context_review;non_matched_quality:low_match;candidate_headword_differs	gn	ieu	final_outside_compact_inventory
180	58	1	纽扣	gnieu115kheu52	gnieu	115	matched	ok	gn	ieu	final_outside_compact_inventory
180	58	6	帽檐儿	ma11yen11gni11	yen	11	low_match	bracket_context_review;non_matched_quality:low_match;candidate_headword_differs	y	en	final_outside_compact_inventory
180	58	12	的绒帽	tiq3gnion55ma52	tiq	3	unmatched	empty_image;non_matched_quality:unmatched;candidate_headword_differs	t	iq	final_outside_compact_inventory
180	58	13	秋帽	chieu33ma55	chieu	33	weak_match	non_matched_quality:weak_match;candidate_headword_differs	ch	ieu	final_outside_compact_inventory
180	58	19	拦馋	ihaen33daen52	ihaen	33	weak_match	non_matched_quality:weak_match;candidate_headword_differs		ihaen	final_outside_compact_inventory
180	58	20	拦馋袋	ihaen33daen55de52	ihaen	33	low_match	non_matched_quality:low_match;candidate_headword_differs		ihaen	final_outside_compact_inventory
180	58	26	袖套	zhieu11thau11	zhieu	11	matched	candidate_headword_differs	zh	ieu	final_outside_compact_inventory
181	59	4	宽紧带	khuoen33cin55ta52	khuoen	33	matched	candidate_headword_differs	kh	uoen	final_outside_compact_inventory
181	59	8	洋绢	yan11cioen55	cioen	55	weak_match	non_matched_quality:weak_match;candidate_headword_differs	c	ioen	final_outside_compact_inventory
181	59	21	橡胶雨鞋	jian115kau55yu55gha52	jian	115	unmatched	empty_image;non_matched_quality:unmatched;candidate_headword_differs	j	ian	final_outside_compact_inventory
181	59	22	球鞋	jieu11gha52	jieu	11	matched	ok	j	ieu	final_outside_compact_inventory
181	59	26	风凉鞋	fon33lian55gha52	lian	55	matched	bracket_context_review	l	ian	final_outside_compact_inventory
181	59	31	破烂的鞋	pha33laen33tiq3gha33	tiq	3	unmatched	empty_image;non_matched_quality:unmatched;candidate_headword_differs	t	iq	final_outside_compact_inventory
182	60	5	沿条	yen11tiau52	yen	11	matched	ok	y	en	final_outside_compact_inventory
182	60	6	鞋喧头	gha11shioen55deu52	shioen	55	matched	candidate_headword_differs	sh	ioen	final_outside_compact_inventory
182	60	20	蝴蝶结	wu11diaq5ciq54	ciq	54	matched	ok	c	iq	final_outside_compact_inventory
183	61	3	牛屎头	gnieu11u55deu52	gnieu	11	matched	ok	gn	ieu	final_outside_compact_inventory
183	61	20	疆步	cian33bu55	cian	33	low_match	non_matched_quality:low_match;candidate_headword_differs	c	ian	final_outside_compact_inventory
183	61	21	疆蹋档	cian33thaeq5taon52	cian	33	matched	candidate_headword_differs	c	ian	final_outside_compact_inventory
183	61	23	阶沿	ka33yen52	yen	52	matched	ok	y	en	final_outside_compact_inventory
183	61	24	影壁	in335piq54	piq	54	matched	ok	p	iq	final_outside_compact_inventory
183	61	25	照墙	tsau33jian33	jian	33	matched	ok	j	ian	final_outside_compact_inventory
184	62	2	墙门	jian11meen52	jian	11	weak_match	non_matched_quality:weak_match;candidate_headword_differs	j	ian	final_outside_compact_inventory
184	62	4	台门内的门	the33meen55ne55tiq5meen52	tiq	5	matched	candidate_headword_differs	t	iq	final_outside_compact_inventory
184	62	8	枪笆	chian33po52	chian	33	matched	ok	ch	ian	final_outside_compact_inventory
184	62	10	围墙	yu11jian52	jian	52	matched	ok	j	ian	final_outside_compact_inventory
184	62	11	毛墙	mhau33jian52	mhau	33	matched	ok	m	hau	final_outside_compact_inventory
184	62	11	毛墙	mhau33jian52	jian	52	matched	ok	j	ian	final_outside_compact_inventory
184	62	12	石萧墙	zaq1shiau55jian52	jian	52	matched	candidate_headword_differs	j	ian	final_outside_compact_inventory
184	62	13	内墙	ne11jian11	jian	11	matched	ok	j	ian	final_outside_compact_inventory
184	62	23	厢房	shian33vaon52	shian	33	matched	ok	sh	ian	final_outside_compact_inventory
185	63	0	过楼	ku33ieu33	ieu	33	matched	ok		ieu	final_outside_compact_inventory
185	63	1	阁楼	koq3ieu52	ieu	52	matched	ok		ieu	final_outside_compact_inventory
185	63	2	楼顶	ieu11teon55	ieu	11	matched	bracket_context_review		ieu	final_outside_compact_inventory
185	63	3	楼下	ieu11gho55	ieu	11	matched	ok		ieu	final_outside_compact_inventory
185	63	11	屋脊	uoq3ciq5	ciq	5	matched	ok	c	iq	final_outside_compact_inventory
185	63	12	屋檐	uoq3yen52	yen	52	weak_match	non_matched_quality:weak_match;candidate_headword_differs	y	en	final_outside_compact_inventory
185	63	14	廊檐下	laon11yen55gho52	yen	55	matched	bracket_context_review;candidate_headword_differs	y	en	final_outside_compact_inventory
185	63	15	梁	lian231	lian	231	matched	bracket_context_review	l	ian	final_outside_compact_inventory
185	63	16	屋梁	uoq3lian52	lian	52	matched	ok	l	ian	final_outside_compact_inventory
185	63	20	橡子	jian115tsy52	jian	115	matched	ok	j	ian	final_outside_compact_inventory
185	63	21	標条	pips11tiau52	pips	11	weak_match	non_matched_quality:weak_match;candidate_headword_differs	p	ips	final_outside_compact_inventory
185	63	22	墙头	jian11deu52	jian	11	matched	ok	j	ian	final_outside_compact_inventory
185	63	23	房外的墙	vaon11nga55tiq5jian52	tiq	5	low_match	bracket_context_review;non_matched_quality:low_match;candidate_headword_differs	t	iq	final_outside_compact_inventory
185	63	23	房外的墙	vaon11nga55tiq5jian52	jian	52	low_match	bracket_context_review;non_matched_quality:low_match;candidate_headword_differs	j	ian	final_outside_compact_inventory
185	63	24	房侧的墙	vaon11tseq5tiq5jian52	tiq	5	unmatched	empty_image;non_matched_quality:unmatched;candidate_headword_differs	t	iq	final_outside_compact_inventory
185	63	24	房侧的墙	vaon11tseq5tiq5jian52	jian	52	unmatched	empty_image;non_matched_quality:unmatched;candidate_headword_differs	j	ian	final_outside_compact_inventory
185	63	25	山墙	saen33jian52	jian	52	weak_match	non_matched_quality:weak_match;candidate_headword_differs	j	ian	final_outside_compact_inventory
185	63	26	隔墙	kaq3jian52	jian	52	low_match	non_matched_quality:low_match;candidate_headword_differs	j	ian	final_outside_compact_inventory
185	63	27	墙脚	jian11ciaq5	jian	11	matched	ok	j	ian	final_outside_compact_inventory
186	64	2	楼搁栅	ieu11koq5saq54	ieu	11	matched	candidate_headword_differs		ieu	final_outside_compact_inventory
186	64	31	井口的石栏	cin335kheu55tiq5zaq5laen52	tiq	5	unmatched	empty_image;non_matched_quality:unmatched;candidate_headword_differs	t	iq	final_outside_compact_inventory
187	65	6	牛圈间	gnieu11jien55kaen52	gnieu	11	matched	candidate_headword_differs	gn	ieu	final_outside_compact_inventory
188	66	0	真集	tseen33jiq5	jiq	5	low_match	non_matched_quality:low_match;candidate_headword_differs	j	iq	final_outside_compact_inventory
189	67	1	桌裙	tsoq3jioen52	jioen	52	weak_match	non_matched_quality:weak_match;candidate_headword_differs	j	ioen	final_outside_compact_inventory
189	67	10	马踏椅	mha33daeq5i52	mha	33	matched	ok	m	ha	final_outside_compact_inventory
189	67	11	马踏椅子	mha33daeq5i55tsy52	mha	33	matched	ok	m	ha	final_outside_compact_inventory
189	67	25	马扎	mha33tsaq5	mha	33	unmatched	empty_image;non_matched_quality:unmatched;candidate_headword_differs	m	ha	final_outside_compact_inventory
190	68	0	第七章	di11chiq1tsaon11	chiq	1	unmatched	empty_image;non_matched_quality:unmatched;candidate_headword_differs	ch	iq	final_outside_compact_inventory
190	68	8	箱橱	shian33jiu52	shian	33	matched	ok	sh	ian	final_outside_compact_inventory
190	68	9	顶箱橱	teon335shian55jiu52	shian	55	matched	ok	sh	ian	final_outside_compact_inventory
190	68	18	床沿	zaon11yen52	yen	52	matched	ok	y	en	final_outside_compact_inventory
191	69	2	席梦思	jiq1mon55sy52	jiq	1	matched	candidate_headword_differs	j	iq	final_outside_compact_inventory
191	69	3	马桶箱	mha33don55shian52	mha	33	matched	candidate_headword_differs	m	ha	final_outside_compact_inventory
191	69	3	马桶箱	mha33don55shian52	shian	52	matched	candidate_headword_differs	sh	ian	final_outside_compact_inventory
191	69	4	夜壶箱	ya11wu11shian11	shian	11	matched	ok	sh	ian	final_outside_compact_inventory
191	69	5	箱子	shian33tsy55	shian	33	matched	ok	sh	ian	final_outside_compact_inventory
191	69	6	皮箱	bi11shian52	shian	52	matched	ok	sh	ian	final_outside_compact_inventory
191	69	7	帆布箱	vaen11pu55shian52	shian	52	matched	ok	sh	ian	final_outside_compact_inventory
191	69	8	藤箱	deon11shian52	shian	52	matched	ok	sh	ian	final_outside_compact_inventory
191	69	9	竹丝箱	tsoq3sy55shian52	shian	52	matched	ok	sh	ian	final_outside_compact_inventory
191	69	10	樟木箱	tsan33moq5shian52	shian	52	matched	candidate_headword_differs	sh	ian	final_outside_compact_inventory
191	69	11	书箱	shiu33shian52	shian	52	matched	ok	sh	ian	final_outside_compact_inventory
191	69	12	手提箱	seu335di55shian52	shian	52	matched	ok	sh	ian	final_outside_compact_inventory
192	70	0	第七章	di11chiq1tsaon11	chiq	1	low_match	non_matched_quality:low_match;candidate_headword_differs	ch	iq	final_outside_compact_inventory
192	70	12	竹席	tsoq3jiq5	jiq	5	weak_match	non_matched_quality:weak_match;candidate_headword_differs	j	iq	final_outside_compact_inventory
192	70	13	草席	tshau335jiq54	jiq	54	low_match	non_matched_quality:low_match;candidate_headword_differs	j	iq	final_outside_compact_inventory
192	70	14	蒲席	bu11jiq5	jiq	5	matched	ok	j	iq	final_outside_compact_inventory
193	71	21	拔火管	baeq1hu55kuoen52	kuoen	52	matched	candidate_headword_differs	k	uoen	final_outside_compact_inventory
194	72	0	第七章	di11chiq1tsaon11	chiq	1	low_match	non_matched_quality:low_match;candidate_headword_differs	ch	iq	final_outside_compact_inventory
194	72	14	镬抢	woq1chian55	chian	55	weak_match	non_matched_quality:weak_match;candidate_headword_differs	ch	ian	final_outside_compact_inventory
194	72	16	铁丝兜	thiq3sy55teu52	thiq	3	matched	ok	th	iq	final_outside_compact_inventory
194	72	17	撩兜	ihiau33teu52	ihiau	33	matched	ok		ihiau	final_outside_compact_inventory
194	72	26	碗	uoen335	uoen	335	unmatched	empty_image;non_matched_quality:unmatched;candidate_headword_differs		uoen	final_outside_compact_inventory
194	72	27	碗盏	uoen335tsaen52	uoen	335	matched	ok		uoen	final_outside_compact_inventory
194	72	28	碗扎底	uoen335tsaq5ti52	uoen	335	low_match	non_matched_quality:low_match;candidate_headword_differs		uoen	final_outside_compact_inventory
194	72	29	碗的底圈	uoen335tiq5ti55jien52	uoen	335	weak_match	non_matched_quality:weak_match;candidate_headword_differs		uoen	final_outside_compact_inventory
194	72	29	碗的底圈	uoen335tiq5ti55jien52	tiq	5	weak_match	non_matched_quality:weak_match;candidate_headword_differs	t	iq	final_outside_compact_inventory
194	72	30	高脚碗	kau33ciaq5uoen52	uoen	52	matched	candidate_headword_differs		uoen	final_outside_compact_inventory
194	72	31	底圈高的碗	ti335jien55kau55tiq5uoen52	tiq	5	unmatched	empty_image;non_matched_quality:unmatched;candidate_headword_differs	t	iq	final_outside_compact_inventory
194	72	31	底圈高的碗	ti335jien55kau55tiq5uoen52	uoen	52	unmatched	empty_image;non_matched_quality:unmatched;candidate_headword_differs		uoen	final_outside_compact_inventory
194	72	32	短底碗	toen335ti55uoen52	uoen	52	unmatched	empty_image;non_matched_quality:unmatched;candidate_headword_differs		uoen	final_outside_compact_inventory
194	72	33	底圈矮的碗	ti335jien55a55tiq5uoen52	tiq	5	weak_match	non_matched_quality:weak_match;candidate_headword_differs	t	iq	final_outside_compact_inventory
194	72	33	底圈矮的碗	ti335jien55a55tiq5uoen52	uoen	52	weak_match	non_matched_quality:weak_match;candidate_headword_differs		uoen	final_outside_compact_inventory
195	73	0	海碗	he335uoen52	uoen	52	weak_match	non_matched_quality:weak_match;candidate_headword_differs		uoen	final_outside_compact_inventory
195	73	1	酒盅	cieu335tson52	cieu	335	low_match	non_matched_quality:low_match;candidate_headword_differs	c	ieu	final_outside_compact_inventory
195	73	2	老酒壶	lau115cieu55wu52	cieu	55	matched	candidate_headword_differs	c	ieu	final_outside_compact_inventory
195	73	3	急苏壶	ciq3su55wu52	ciq	3	matched	ok	c	iq	final_outside_compact_inventory
195	73	4	酒呷	cieu335haeq54	cieu	335	low_match	non_matched_quality:low_match;candidate_headword_differs	c	ieu	final_outside_compact_inventory
195	73	6	碟	diq23	diq	23	matched	ok	d	iq	final_outside_compact_inventory
195	73	12	碗架	uoen335cia52	uoen	335	matched	ok		uoen	final_outside_compact_inventory
195	73	14	凉橱	lian11jiu52	lian	11	matched	ok	l	ian	final_outside_compact_inventory
195	73	21	茶碗	dzo11uoen55	uoen	55	matched	ok		uoen	final_outside_compact_inventory
195	73	23	闷盖碗	mheen33ke55uoen52	mheen	33	matched	ok	m	heen	final_outside_compact_inventory
195	73	23	闷盖碗	mheen33ke55uoen52	uoen	52	matched	ok		uoen	final_outside_compact_inventory
195	73	24	盖碗	ke33uoen33	uoen	33	unmatched	empty_image;non_matched_quality:unmatched;candidate_headword_differs		uoen	final_outside_compact_inventory
195	73	26	热水壶	gniq1sy55wu52	gniq	1	matched	ok	gn	iq	final_outside_compact_inventory
195	73	30	罐头	kuoen33deu33	kuoen	33	matched	ok	k	uoen	final_outside_compact_inventory
196	74	8	七石缸	chiq3zaq5kaon52	chiq	3	low_match	bracket_context_review;non_matched_quality:low_match;candidate_headword_differs	ch	iq	final_outside_compact_inventory
196	74	12	挈桶	chiq3don55	chiq	3	weak_match	non_matched_quality:weak_match;candidate_headword_differs	ch	iq	final_outside_compact_inventory
196	74	21	接近取食	ciq3jin55chiu55zeoq54	ciq	3	unmatched	empty_image;non_matched_quality:unmatched;candidate_headword_differs	c	iq	final_outside_compact_inventory
196	74	29	解屑	ka335shiq54	shiq	54	unmatched	empty_image;non_matched_quality:unmatched;candidate_headword_differs	sh	iq	final_outside_compact_inventory
197	75	4	松毛柴	son33mhau55za52	mhau	55	matched	bracket_context_review	m	hau	final_outside_compact_inventory
197	75	23	亮篾	lian11miq1	lian	11	weak_match	non_matched_quality:weak_match;candidate_headword_differs	l	ian	final_outside_compact_inventory
197	75	23	亮篾	lian11miq1	miq	1	weak_match	non_matched_quality:weak_match;candidate_headword_differs	m	iq	final_outside_compact_inventory
197	75	26	亮	lian11	lian	11	matched	ok	l	ian	final_outside_compact_inventory
198	76	5	马灯	mha33teon52	mha	33	matched	ok	m	ha	final_outside_compact_inventory
198	76	10	壁灯	piq3teon52	piq	3	matched	ok	p	iq	final_outside_compact_inventory
198	76	13	灯管	teon33kuoen55	kuoen	55	weak_match	non_matched_quality:weak_match;candidate_headword_differs	k	uoen	final_outside_compact_inventory
198	76	28	热水瓶	gniq1sy55bin52	gniq	1	low_match	bracket_context_review;non_matched_quality:low_match;candidate_headword_differs	gn	iq	final_outside_compact_inventory
198	76	29	热水袋	gniq1sy55de52	gniq	1	matched	ok	gn	iq	final_outside_compact_inventory
199	77	3	毛巾	mhau33cin52	mhau	33	matched	bracket_context_review	m	hau	final_outside_compact_inventory
199	77	9	香肥皂	shian33bi55zau52	shian	33	matched	ok	sh	ian	final_outside_compact_inventory
199	77	11	香水	shian33sy55	shian	33	matched	ok	sh	ian	final_outside_compact_inventory
199	77	30	剔牙仗	thiq3ngo55tsan52	thiq	3	matched	ok	th	iq	final_outside_compact_inventory
200	78	0	第七章	di11chiq1tsaon11	chiq	1	unmatched	empty_image;non_matched_quality:unmatched;candidate_headword_differs	ch	iq	final_outside_compact_inventory
200	78	6	眼权	ngaen115jioen52	jioen	52	matched	ok	j	ioen	final_outside_compact_inventory
200	78	7	递权	di11jioen11	jioen	11	matched	ok	j	ioen	final_outside_compact_inventory
200	78	10	熨斗	ioen33teu33	ioen	33	weak_match	non_matched_quality:weak_match;candidate_headword_differs		ioen	final_outside_compact_inventory
200	78	15	鸡毛帚	ci33mhau55tseu52	mhau	55	low_match	non_matched_quality:low_match;candidate_headword_differs	m	hau	final_outside_compact_inventory
200	78	16	鸡毛掸子	ci33mhau55taen55tsy52	mhau	55	low_match	non_matched_quality:low_match;candidate_headword_differs	m	hau	final_outside_compact_inventory
200	78	20	香	shian52	shian	52	matched	ok	sh	ian	final_outside_compact_inventory
200	78	21	盘香	boen11shian52	shian	52	matched	ok	sh	ian	final_outside_compact_inventory
200	78	22	蚊虫香	meen11dzon55shian52	shian	52	matched	candidate_headword_differs	sh	ian	final_outside_compact_inventory
200	78	27	毛纸	mhau33tsy55	mhau	33	matched	ok	m	hau	final_outside_compact_inventory
201	79	1	马桶	mha33don55	mha	33	weak_match	non_matched_quality:weak_match;candidate_headword_differs	m	ha	final_outside_compact_inventory
201	79	4	痰罐	daen11kuoen55	kuoen	55	weak_match	non_matched_quality:weak_match;candidate_headword_differs	k	uoen	final_outside_compact_inventory
201	79	16	纬绩头	yu11ciq1deu11	ciq	1	matched	candidate_headword_differs	c	iq	final_outside_compact_inventory
201	79	17	结头	ciq3deu52	ciq	3	matched	ok	c	iq	final_outside_compact_inventory
201	79	18	结	ciq45	ciq	45	matched	ok	c	iq	final_outside_compact_inventory
201	79	19	抽股结	tsheu33ku55ciq54	ciq	54	matched	ok	c	iq	final_outside_compact_inventory
201	79	24	日历	gni11liq1	liq	1	matched	ok	l	iq	final_outside_compact_inventory
201	79	25	历日	liq1gni55	liq	1	matched	bracket_context_review	l	iq	final_outside_compact_inventory
202	80	0	第七章	di11chiq1tsaon11	chiq	1	unmatched	empty_image;non_matched_quality:unmatched;candidate_headword_differs	ch	iq	final_outside_compact_inventory
203	81	4	开关	khe33kuaen52	kuaen	52	matched	ok	k	uaen	final_outside_compact_inventory
203	81	11	卢钮	lu11gnieu55	gnieu	55	matched	ok	gn	ieu	final_outside_compact_inventory
203	81	15	篾刀	miq1tau52	miq	1	weak_match	non_matched_quality:weak_match;candidate_headword_differs	m	iq	final_outside_compact_inventory
203	81	25	眉毛钳	mi11mhau55geen52	mhau	55	matched	ok	m	hau	final_outside_compact_inventory
204	82	15	铁丝	thiq3sy52	thiq	3	matched	ok	th	iq	final_outside_compact_inventory
206	84	3	铁铲	thiq3tshaen55	thiq	3	matched	ok	th	iq	final_outside_compact_inventory
206	84	4	铁锨	thiq3shien52	thiq	3	low_match	non_matched_quality:low_match;candidate_headword_differs	th	iq	final_outside_compact_inventory
206	84	8	铁	thiq45	thiq	45	weak_match	non_matched_quality:weak_match;candidate_headword_differs	th	iq	final_outside_compact_inventory
206	84	19	筛穰笑	sy33gniaen55shiau52	gniaen	55	low_match	non_matched_quality:low_match;candidate_headword_differs	gn	iaen	final_outside_compact_inventory
207	85	1	风箱	fon33shian52	shian	52	matched	ok	sh	ian	final_outside_compact_inventory
207	85	5	舂米的石臼	saon33mi55tiq5zaq5jieu52	tiq	5	matched	candidate_headword_differs	t	iq	final_outside_compact_inventory
207	85	5	舂米的石臼	saon33mi55tiq5zaq5jieu52	jieu	52	matched	candidate_headword_differs	j	ieu	final_outside_compact_inventory
207	85	11	马达	mha33daeq5	mha	33	matched	ok	m	ha	final_outside_compact_inventory
207	85	24	油漆	yeu11chiq5	chiq	5	matched	ok	ch	iq	final_outside_compact_inventory
208	86	0	第七章	di11chiq1tsaon11	chiq	1	unmatched	empty_image;non_matched_quality:unmatched;candidate_headword_differs	ch	iq	final_outside_compact_inventory
208	86	12	橡胶	jian115kau52	jian	115	matched	ok	j	ian	final_outside_compact_inventory
208	86	13	橡皮	jian115bi52	jian	115	matched	ok	j	ian	final_outside_compact_inventory
208	86	21	环头	guaen11deu52	guaen	11	matched	ok	g	uaen	final_outside_compact_inventory
208	86	23	滴子	tiq3tsy55	tiq	3	weak_match	bracket_context_review;non_matched_quality:weak_match;candidate_headword_differs	t	iq	final_outside_compact_inventory
209	87	24	浑筒脸	wen11don55lien52	wen	11	matched	ok	w	en	final_outside_compact_inventory
209	87	25	牛踏扁	gnieu11daeq5pien52	gnieu	11	matched	ok	gn	ieu	final_outside_compact_inventory
209	87	30	毛	mhau52	mhau	52	matched	ok	m	hau	final_outside_compact_inventory
210	88	0	第七章	di11chiq1tsaon11	chiq	1	unmatched	empty_image;non_matched_quality:unmatched;candidate_headword_differs	ch	iq	final_outside_compact_inventory
210	88	2	瘪嘴	piq3tsy55	piq	3	weak_match	non_matched_quality:weak_match;candidate_headword_differs	p	iq	final_outside_compact_inventory
210	88	16	后势沿	gheu115sy55yen52	yen	52	matched	ok	y	en	final_outside_compact_inventory
210	88	18	胎毛	the33mhau52	mhau	52	matched	ok	m	hau	final_outside_compact_inventory
211	89	0	酒窪	cieu335uo5552	cieu	335	low_match	non_matched_quality:low_match;candidate_headword_differs	c	ieu	final_outside_compact_inventory
211	89	22	眼毛	ngaen115mhau52	mhau	52	low_match	non_matched_quality:low_match;candidate_headword_differs	m	hau	final_outside_compact_inventory
211	89	23	睫毛	jiq1mhau52	jiq	1	matched	candidate_headword_differs	j	iq	final_outside_compact_inventory
211	89	23	睫毛	jiq1mhau52	mhau	52	matched	candidate_headword_differs	m	hau	final_outside_compact_inventory
211	89	24	眉毛	mi11mhau52	mhau	52	matched	ok	m	hau	final_outside_compact_inventory
212	90	6	喉结	gheu11ciq5	ciq	5	matched	ok	c	iq	final_outside_compact_inventory
213	91	6	拳心	jioen11shin52	jioen	11	matched	ok	j	ioen	final_outside_compact_inventory
213	91	13	背脊	pe33ciq5	ciq	5	matched	ok	c	iq	final_outside_compact_inventory
213	91	14	背脊骨	pe33ciq5kueq54	ciq	5	matched	candidate_headword_differs	c	iq	final_outside_compact_inventory
213	91	15	脊梁骨	ciq3lian55kueq54	ciq	3	low_match	non_matched_quality:low_match;candidate_headword_differs	c	iq	final_outside_compact_inventory
213	91	15	脊梁骨	ciq3lian55kueq54	lian	55	low_match	non_matched_quality:low_match;candidate_headword_differs	l	ian	final_outside_compact_inventory
214	92	0	第七章	di11chiq1tsaon11	chiq	1	low_match	non_matched_quality:low_match;candidate_headword_differs	ch	iq	final_outside_compact_inventory
214	92	7	尾尻骨	mi115chieu55kueq54	chieu	55	matched	candidate_headword_differs	ch	ieu	final_outside_compact_inventory
214	92	17	手弯头	seu335uaen55deu52	uaen	55	matched	ok		uaen	final_outside_compact_inventory
214	92	19	符卧切	vu11ngo55chiq54	chiq	54	weak_match	non_matched_quality:weak_match;candidate_headword_differs	ch	iq	final_outside_compact_inventory
214	92	20	脉息耙头	maq1shiq5bo55deu52	shiq	5	matched	ok	sh	iq	final_outside_compact_inventory
214	92	21	卧切	ngo11chiq1	chiq	1	matched	ok	ch	iq	final_outside_compact_inventory
214	92	24	拳头	jioen11deu52	jioen	11	matched	ok	j	ioen	final_outside_compact_inventory
215	93	24	膝盖	shiq3ke55	shiq	3	matched	candidate_headword_differs	sh	iq	final_outside_compact_inventory
215	93	25	脚弯头	ciaq3uaen55deu52	uaen	55	matched	ok		uaen	final_outside_compact_inventory
215	93	26	脚瞅弯	ciaq3uaen52	uaen	52	matched	candidate_headword_differs		uaen	final_outside_compact_inventory
215	93	31	脚娘肚	ciaq3gnian55tu52	gnian	55	matched	ok	gn	ian	final_outside_compact_inventory
215	93	32	脚腕	ciaq3uoen55	uoen	55	matched	ok		uoen	final_outside_compact_inventory
216	94	0	第七章	di11chiq1tsaon11	chiq	1	unmatched	empty_image;non_matched_quality:unmatched;candidate_headword_differs	ch	iq	final_outside_compact_inventory
216	94	19	寒毛	gheen11mhau52	mhau	52	matched	ok	m	hau	final_outside_compact_inventory
216	94	20	寒毛管	gheen11mhau55kuoen52	mhau	55	matched	candidate_headword_differs	m	hau	final_outside_compact_inventory
216	94	20	寒毛管	gheen11mhau55kuoen52	kuoen	52	matched	candidate_headword_differs	k	uoen	final_outside_compact_inventory
216	94	21	寒毛孔	gheen11mhau55khuon52	mhau	55	matched	ok	m	hau	final_outside_compact_inventory
217	95	10	脉息	maq1shiq5	shiq	5	weak_match	non_matched_quality:weak_match;candidate_headword_differs	sh	iq	final_outside_compact_inventory
218	96	0	第七章	di11chiq1tsaon11	chiq	1	low_match	non_matched_quality:low_match;candidate_headword_differs	ch	iq	final_outside_compact_inventory
218	96	3	韵的残迹	yoen11tiq1dzaen11ciq1	tiq	1	low_match	non_matched_quality:low_match;candidate_headword_differs	t	iq	final_outside_compact_inventory
218	96	3	韵的残迹	yoen11tiq1dzaen11ciq1	ciq	1	low_match	non_matched_quality:low_match;candidate_headword_differs	c	iq	final_outside_compact_inventory
218	96	5	乌卧切	u33ngo55chiq54	chiq	54	low_match	non_matched_quality:low_match;candidate_headword_differs	ch	iq	final_outside_compact_inventory
218	96	8	乌卧切	u33ngo55chiq54	chiq	54	unmatched	empty_image;non_matched_quality:unmatched;candidate_headword_differs	ch	iq	final_outside_compact_inventory
218	96	15	锈泥	shieu33gni33	shieu	33	matched	ok	sh	ieu	final_outside_compact_inventory
218	96	18	毛病	mhau33bin55	mhau	33	matched	ok	m	hau	final_outside_compact_inventory
218	96	19	胎里疾	the33li55jiq54	jiq	54	matched	candidate_headword_differs	j	iq	final_outside_compact_inventory
219	97	8	寒热病	gheen11gniq5bin52	gniq	5	matched	ok	gn	iq	final_outside_compact_inventory
219	97	17	脑膜炎	nau115mu55yen52	yen	52	matched	ok	y	en	final_outside_compact_inventory
219	97	18	盲肠炎	ban11dzan55yen52	yen	52	matched	candidate_headword_differs	y	en	final_outside_compact_inventory
219	97	19	肝炎	keen33yen52	yen	52	matched	ok	y	en	final_outside_compact_inventory
219	97	23	血吸虫病	shioeq3shiq5dzon55bin52	shiq	5	unmatched	empty_image;non_matched_quality:unmatched;candidate_headword_differs	sh	iq	final_outside_compact_inventory
219	97	24	乏力黄	vaeq1liq5huaon52	liq	5	matched	ok	l	iq	final_outside_compact_inventory
220	98	0	第七章	di11chiq1tsaon11	chiq	1	unmatched	empty_image;non_matched_quality:unmatched;candidate_headword_differs	ch	iq	final_outside_compact_inventory
220	98	8	唏响病	shian335bin52	shian	335	low_match	non_matched_quality:low_match;candidate_headword_differs	sh	ian	final_outside_compact_inventory
220	98	16	鹤膝疯	ngoq1shiq5fon52	shiq	5	matched	bracket_context_review	sh	iq	final_outside_compact_inventory
220	98	21	热头	gniq1deu52	gniq	1	matched	candidate_headword_differs	gn	iq	final_outside_compact_inventory
220	98	27	杨梅疮	lian11me55tshaon52	lian	11	matched	ok	l	ian	final_outside_compact_inventory
221	99	13	近際眼	jin115tci5555ngaen52	tci	5555	matched	candidate_headword_differs	t	ci	final_outside_compact_inventory
221	99	15	朦際眼	mon11tci5555ngaen52	tci	5555	matched	candidate_headword_differs	t	ci	final_outside_compact_inventory
222	100	0	双毕牙	saon33piq5ngo52	piq	5	weak_match	non_matched_quality:weak_match;candidate_headword_differs	p	iq	final_outside_compact_inventory
222	100	4	酒渣鼻	cieu335tso55beq54	cieu	335	low_match	non_matched_quality:low_match;candidate_headword_differs	c	ieu	final_outside_compact_inventory
222	100	6	重度鼻炎	dzon11du55beq5yen52	yen	52	unmatched	empty_image;non_matched_quality:unmatched;candidate_headword_differs	y	en	final_outside_compact_inventory
222	100	15	瘤	lieu231	lieu	231	low_match	bracket_context_review;non_matched_quality:low_match;candidate_headword_differs	l	ieu	final_outside_compact_inventory
222	100	20	疤迹	po33ciq5	ciq	5	matched	ok	c	iq	final_outside_compact_inventory
222	100	23	脚上的鸡眼	ciaq3zan55tiq5ci55ngaen52	tiq	5	low_match	non_matched_quality:low_match;candidate_headword_differs	t	iq	final_outside_compact_inventory
223	101	14	膏药黏	kau33yaq5gnhien52	gnhien	52	matched	candidate_headword_differs	gn	hien	final_outside_compact_inventory
223	101	24	药砂罐	yaq1so55kuoen52	kuoen	52	matched	candidate_headword_differs	k	uoen	final_outside_compact_inventory
223	101	25	药罐	yaq1kuoen55	kuoen	55	matched	ok	k	uoen	final_outside_compact_inventory
224	102	0	第七章	di11chiq1tsaon11	chiq	1	unmatched	empty_image;non_matched_quality:unmatched;candidate_headword_differs	ch	iq	final_outside_compact_inventory
224	102	16	大姑娘	da11ku11gnian11	gnian	11	matched	ok	gn	ian	final_outside_compact_inventory
224	102	19	小官人	shiau335kuoen55zeen52	kuoen	55	matched	ok	k	uoen	final_outside_compact_inventory
224	102	21	阿官	o33kuoen52	kuoen	52	matched	ok	k	uoen	final_outside_compact_inventory
224	102	22	老小官人	lau115shiau55kuoen55zeen52	kuoen	55	matched	candidate_headword_differs	k	uoen	final_outside_compact_inventory
224	102	25	小毛头	shiau335mhau55deu52	mhau	55	matched	ok	m	hau	final_outside_compact_inventory
225	103	1	乡下人	shian33gho55zeen52	shian	33	matched	ok	sh	ian	final_outside_compact_inventory
225	103	9	老大姑娘	lau115da55ku55gnian52	gnian	52	matched	ok	gn	ian	final_outside_compact_inventory
226	104	0	第七章	di11chiq1tsaon11	chiq	1	unmatched	empty_image;non_matched_quality:unmatched;candidate_headword_differs	ch	iq	final_outside_compact_inventory
226	104	2	新郎官	shin33laon55kuoen52	kuoen	52	low_match	non_matched_quality:low_match;candidate_headword_differs	k	uoen	final_outside_compact_inventory
226	104	4	新娘子	shin33gnian55tsy52	gnian	55	low_match	non_matched_quality:low_match;candidate_headword_differs	gn	ian	final_outside_compact_inventory
226	104	12	斜视的人	zhia11zy55tiq5zeen52	tiq	5	low_match	non_matched_quality:low_match;candidate_headword_differs	t	iq	final_outside_compact_inventory
227	105	12	用左手的人	yon11cia11seu11tiq1zeen11	tiq	1	matched	candidate_headword_differs	t	iq	final_outside_compact_inventory
227	105	16	讷的疯子	naeq1tiq5fon55tsy52	tiq	5	low_match	non_matched_quality:low_match;candidate_headword_differs	t	iq	final_outside_compact_inventory
227	105	24	直头牛	dzeoq1deu55gnieu52	gnieu	52	matched	ok	gn	ieu	final_outside_compact_inventory
228	106	0	第七章	di11chiq1tsaon11	chiq	1	unmatched	empty_image;non_matched_quality:unmatched;candidate_headword_differs	ch	iq	final_outside_compact_inventory
228	106	1	呆大舅	te33da55jieu52	jieu	52	matched	candidate_headword_differs	j	ieu	final_outside_compact_inventory
228	106	2	修子	shieu33tsy55	shieu	33	weak_match	non_matched_quality:weak_match;candidate_headword_differs	sh	ieu	final_outside_compact_inventory
228	106	4	陈年历日本	dzeen11gnien55liq5gni55peen52	liq	5	matched	ok	l	iq	final_outside_compact_inventory
228	106	9	摸夜游	mhoq3ya55yeu52	mhoq	3	matched	candidate_headword_differs	m	hoq	final_outside_compact_inventory
228	106	11	的人	tiq3zeen52	tiq	3	unmatched	empty_image;non_matched_quality:unmatched;candidate_headword_differs	t	iq	final_outside_compact_inventory
228	106	15	壁鬼	piq3ciu55	piq	3	matched	candidate_headword_differs	p	iq	final_outside_compact_inventory
228	106	18	极煞鬼	jiq1saeq5ciu52	jiq	1	matched	ok	j	iq	final_outside_compact_inventory
228	106	19	力极鬼	liq1jiq5ciu52	liq	1	matched	candidate_headword_differs	l	iq	final_outside_compact_inventory
228	106	19	力极鬼	liq1jiq5ciu52	jiq	5	matched	candidate_headword_differs	j	iq	final_outside_compact_inventory
228	106	20	性急鬼	shin33ciq3ciu33	ciq	3	matched	bracket_context_review	c	iq	final_outside_compact_inventory
228	106	28	贼胚	zhiq1phe52	zhiq	1	matched	candidate_headword_differs	zh	iq	final_outside_compact_inventory
228	106	29	强盗胚	chian335dau55phe52	chian	335	unmatched	empty_image;non_matched_quality:unmatched;candidate_headword_differs	ch	ian	final_outside_compact_inventory
229	107	15	乞丐	chiq3ke55	chiq	3	matched	candidate_headword_differs	ch	iq	final_outside_compact_inventory
229	107	20	天亮嫂	thien33lian55sau52	lian	55	matched	candidate_headword_differs	l	ian	final_outside_compact_inventory
229	107	21	沿凡咯	yen11vaen55koq54	yen	11	weak_match	non_matched_quality:weak_match;candidate_headword_differs	y	en	final_outside_compact_inventory
229	107	22	贼骨头	zhiq1kueq5deu52	zhiq	1	matched	ok	zh	iq	final_outside_compact_inventory
229	107	23	暗贼	een33zhiq3	zhiq	3	matched	candidate_headword_differs	zh	iq	final_outside_compact_inventory
229	107	24	背贼	pe33zhiq5	zhiq	5	low_match	non_matched_quality:low_match;candidate_headword_differs	zh	iq	final_outside_compact_inventory
229	107	27	骗贼	phien33zhiq3	zhiq	3	matched	ok	zh	iq	final_outside_compact_inventory
229	107	29	篾骗	miq1phien55	miq	1	weak_match	non_matched_quality:weak_match;candidate_headword_differs	m	iq	final_outside_compact_inventory
230	108	0	第七章	di11chiq1tsaon11	chiq	1	unmatched	empty_image;non_matched_quality:unmatched;candidate_headword_differs	ch	iq	final_outside_compact_inventory
230	108	1	强盗	chian335dau52	chian	335	matched	ok	ch	ian	final_outside_compact_inventory
230	108	3	地痞流氓	di11lieu11maon11	lieu	11	unmatched	empty_image;non_matched_quality:unmatched;candidate_headword_differs	l	ieu	final_outside_compact_inventory
230	108	5	瘪三	piq3saen52	piq	3	weak_match	non_matched_quality:weak_match;candidate_headword_differs	p	iq	final_outside_compact_inventory
230	108	13	老相公	lau115shian55kuon52	shian	55	low_match	non_matched_quality:low_match;candidate_headword_differs	sh	ian	final_outside_compact_inventory
230	108	15	收租老相公	seu33tsu55lau55shian55kuon52	shian	55	matched	candidate_headword_differs	sh	ian	final_outside_compact_inventory
230	108	28	木匠	moq1jian55	jian	55	low_match	bracket_context_review;non_matched_quality:low_match;candidate_headword_differs	j	ian	final_outside_compact_inventory
231	109	0	竹匠	tsoq3jian55	jian	55	matched	ok	j	ian	final_outside_compact_inventory
231	109	1	簟匠	dien115jian52	jian	52	low_match	non_matched_quality:low_match;candidate_headword_differs	j	ian	final_outside_compact_inventory
231	109	3	泥水匠	gni11sy55jian52	jian	52	weak_match	non_matched_quality:weak_match;candidate_headword_differs	j	ian	final_outside_compact_inventory
231	109	5	石匠	zaq1jian55	jian	55	weak_match	non_matched_quality:weak_match;candidate_headword_differs	j	ian	final_outside_compact_inventory
231	109	7	织布匠	tseq3pu55jian52	jian	52	matched	ok	j	ian	final_outside_compact_inventory
231	109	13	漆匠	chiq3jian55	chiq	3	matched	bracket_context_review	ch	iq	final_outside_compact_inventory
231	109	13	漆匠	chiq3jian55	jian	55	matched	bracket_context_review	j	ian	final_outside_compact_inventory
231	109	14	铁匠	thiq3jian55	thiq	3	matched	bracket_context_review	th	iq	final_outside_compact_inventory
231	109	14	铁匠	thiq3jian55	jian	55	matched	bracket_context_review	j	ian	final_outside_compact_inventory
231	109	15	打铁佬	to335thiq5lau52	thiq	5	matched	ok	th	iq	final_outside_compact_inventory
231	109	16	白铁师父	baq1thiq5sy55vu52	thiq	5	matched	ok	th	iq	final_outside_compact_inventory
231	109	17	铜匠	don11jian55	jian	55	weak_match	bracket_context_review;non_matched_quality:weak_match;candidate_headword_differs	j	ian	final_outside_compact_inventory
231	109	21	皮匠	bi11jian55	jian	55	weak_match	bracket_context_review;non_matched_quality:weak_match;candidate_headword_differs	j	ian	final_outside_compact_inventory
231	109	22	理发匠	li115faeq5jian52	jian	52	matched	bracket_context_review	j	ian	final_outside_compact_inventory
232	110	0	第七章	di11chiq1tsaon11	chiq	1	unmatched	empty_image;non_matched_quality:unmatched;candidate_headword_differs	ch	iq	final_outside_compact_inventory
232	110	1	即指	ciq3tsy55	ciq	3	weak_match	non_matched_quality:weak_match;candidate_headword_differs	c	iq	final_outside_compact_inventory
232	110	2	老板娘	lau115paen55gnian52	gnian	52	matched	ok	gn	ian	final_outside_compact_inventory
232	110	9	韵的残余	yoen11tiq1dzaen11yu11	tiq	1	low_match	non_matched_quality:low_match;candidate_headword_differs	t	iq	final_outside_compact_inventory
232	110	17	奶娘	na115gnian52	gnian	52	weak_match	non_matched_quality:weak_match;candidate_headword_differs	gn	ian	final_outside_compact_inventory
232	110	19	老娘婆	lau115gnian55bo52	gnian	55	matched	ok	gn	ian	final_outside_compact_inventory
232	110	20	接生婆	ciq3san55bo52	ciq	3	unmatched	empty_image;non_matched_quality:unmatched;candidate_headword_differs	c	iq	final_outside_compact_inventory
232	110	26	中央	tson33ian52	ian	52	matched	bracket_context_review		ian	final_outside_compact_inventory
233	111	8	亮眼瞎	lian11ngaen11haeq1	lian	11	matched	candidate_headword_differs	l	ian	final_outside_compact_inventory
233	111	18	演员	yen115yoen52	yen	115	matched	ok	y	en	final_outside_compact_inventory
233	111	20	旧称	jieu11tsheon11	jieu	11	weak_match	non_matched_quality:weak_match;candidate_headword_differs	j	ieu	final_outside_compact_inventory
234	112	0	第七章	di11chiq1tsaon11	chiq	1	unmatched	empty_image;non_matched_quality:unmatched;candidate_headword_differs	ch	iq	final_outside_compact_inventory
234	112	3	出头橡子	tsheq3deu55jian55tsy52	jian	55	weak_match	non_matched_quality:weak_match;candidate_headword_differs	j	ian	final_outside_compact_inventory
234	112	17	姆妈	mu115mha52	mha	52	low_match	non_matched_quality:low_match;candidate_headword_differs	m	ha	final_outside_compact_inventory
234	112	18	娘	gnian231	gnian	231	matched	ok	gn	ian	final_outside_compact_inventory
234	112	21	晚娘	maen115gnian52	gnian	52	matched	ok	gn	ian	final_outside_compact_inventory
234	112	22	姨娘	yi11gnian52	gnian	52	weak_match	non_matched_quality:weak_match;candidate_headword_differs	gn	ian	final_outside_compact_inventory
234	112	24	娘娘	gnian11gnian52	gnian	11	weak_match	non_matched_quality:weak_match;candidate_headword_differs	gn	ian	final_outside_compact_inventory
234	112	24	娘娘	gnian11gnian52	gnian	52	weak_match	non_matched_quality:weak_match;candidate_headword_differs	gn	ian	final_outside_compact_inventory
234	112	29	祖母的姊妹	tsu335mu55tiq5tsy55mhe52	tiq	5	unmatched	empty_image;non_matched_quality:unmatched;candidate_headword_differs	t	iq	final_outside_compact_inventory
234	112	29	祖母的姊妹	tsu335mu55tiq5tsy55mhe52	mhe	52	unmatched	empty_image;non_matched_quality:unmatched;candidate_headword_differs	m	he	final_outside_compact_inventory
235	113	1	舅公	jieu115kuon52	jieu	115	matched	ok	j	ieu	final_outside_compact_inventory
235	113	2	舅婆	jieu115bo52	jieu	115	weak_match	non_matched_quality:weak_match;candidate_headword_differs	j	ieu	final_outside_compact_inventory
235	113	4	太娘娘	tha33gnian33gnian33	gnian	33	matched	ok	gn	ian	final_outside_compact_inventory
235	113	4	太娘娘	tha33gnian33gnian33	gnian	33	matched	ok	gn	ian	final_outside_compact_inventory
235	113	20	几切	ci33chiq5	chiq	5	low_match	non_matched_quality:low_match;candidate_headword_differs	ch	iq	final_outside_compact_inventory
235	113	25	阿妹	o33mhe55	mhe	55	matched	ok	m	he	final_outside_compact_inventory
235	113	26	妹妹	mhe33mhe33	mhe	33	matched	ok	m	he	final_outside_compact_inventory
235	113	26	妹妹	mhe33mhe33	mhe	33	matched	ok	m	he	final_outside_compact_inventory
236	114	22	某某赖娘	mu115mu55la55gnian52	gnian	52	matched	candidate_headword_differs	gn	ian	final_outside_compact_inventory
236	114	24	新妇大娘	shin33vu55da55gnian52	gnian	52	matched	ok	gn	ian	final_outside_compact_inventory
236	114	25	大娘	da11gnian11	gnian	11	matched	ok	gn	ian	final_outside_compact_inventory
236	114	27	童养媳	don11yan55shiq54	shiq	54	low_match	non_matched_quality:low_match;candidate_headword_differs	sh	iq	final_outside_compact_inventory
237	115	5	婶娘	seen335gnian52	gnian	52	matched	ok	gn	ian	final_outside_compact_inventory
237	115	8	姑娘	ku33gnian52	gnian	52	matched	ok	gn	ian	final_outside_compact_inventory
237	115	16	堂阿妹	daon11o55mhe52	mhe	52	matched	candidate_headword_differs	m	he	final_outside_compact_inventory
237	115	21	撩勿着	ihiau33veq5tsaq54	ihiau	33	matched	candidate_headword_differs		ihiau	final_outside_compact_inventory
238	116	0	第七章	di11chiq1tsaon11	chiq	1	low_match	bracket_context_review;non_matched_quality:low_match;candidate_headword_differs	ch	iq	final_outside_compact_inventory
238	116	7	切	chiq45	chiq	45	unmatched	empty_image;non_matched_quality:unmatched;candidate_headword_differs	ch	iq	final_outside_compact_inventory
238	116	8	妹夫	mhe33fu33	mhe	33	weak_match	non_matched_quality:weak_match;candidate_headword_differs	m	he	final_outside_compact_inventory
238	116	9	妹丈	mhe33dzan33	mhe	33	matched	ok	m	he	final_outside_compact_inventory
238	116	14	化韵的残余	huo33yoen33tiq3dzaen33yu33	tiq	3	matched	ok	t	iq	final_outside_compact_inventory
238	116	18	姑娘	ku33gnian52	gnian	52	matched	ok	gn	ian	final_outside_compact_inventory
238	116	19	妹	mhe33	mhe	33	matched	ok	m	he	final_outside_compact_inventory
238	116	22	老婆舅	lau115bo55jieu52	jieu	52	matched	ok	j	ieu	final_outside_compact_inventory
238	116	23	郎舅	laon11jieu55	jieu	55	weak_match	non_matched_quality:weak_match;candidate_headword_differs	j	ieu	final_outside_compact_inventory
238	116	24	小舅佬	shiau335jieu55lau52	jieu	55	matched	candidate_headword_differs	j	ieu	final_outside_compact_inventory
238	116	25	小郎舅	shiau335laon55jieu52	jieu	52	matched	candidate_headword_differs	j	ieu	final_outside_compact_inventory
239	117	1	舅舅	jieu115jieu52	jieu	115	weak_match	non_matched_quality:weak_match;candidate_headword_differs	j	ieu	final_outside_compact_inventory
239	117	1	舅舅	jieu115jieu52	jieu	52	weak_match	non_matched_quality:weak_match;candidate_headword_differs	j	ieu	final_outside_compact_inventory
239	117	2	娘舅	gnian11jieu55	gnian	11	weak_match	non_matched_quality:weak_match;candidate_headword_differs	gn	ian	final_outside_compact_inventory
239	117	2	娘舅	gnian11jieu55	jieu	55	weak_match	non_matched_quality:weak_match;candidate_headword_differs	j	ieu	final_outside_compact_inventory
239	117	4	舅母	jieu115mu52	jieu	115	low_match	non_matched_quality:low_match;candidate_headword_differs	j	ieu	final_outside_compact_inventory
239	117	5	姨娘	yi11gnian52	gnian	52	matched	candidate_headword_differs	gn	ian	final_outside_compact_inventory
239	117	14	表阿妹	piau335o55mhe52	mhe	52	matched	ok	m	he	final_outside_compact_inventory
239	117	25	爹娘	tia33gnian52	gnian	52	matched	ok	gn	ian	final_outside_compact_inventory
239	117	26	爹娘大人	tia33gnian55da55zeen52	gnian	55	matched	ok	gn	ian	final_outside_compact_inventory
239	117	29	娘因	gnian11in52	gnian	11	weak_match	non_matched_quality:weak_match;candidate_headword_differs	gn	ian	final_outside_compact_inventory
240	118	0	第七章	di11chiq1tsaon11	chiq	1	unmatched	empty_image;non_matched_quality:unmatched;candidate_headword_differs	ch	iq	final_outside_compact_inventory
240	118	1	切	chiq45	chiq	45	unmatched	empty_image;non_matched_quality:unmatched;candidate_headword_differs	ch	iq	final_outside_compact_inventory
240	118	2	姐妹	cia335mhe52	mhe	52	matched	ok	m	he	final_outside_compact_inventory
240	118	5	堂姐妹	daon11cia55mhe52	mhe	52	matched	candidate_headword_differs	m	he	final_outside_compact_inventory
240	118	6	将几切	cian33ci55chiq54	cian	33	low_match	non_matched_quality:low_match;candidate_headword_differs	c	ian	final_outside_compact_inventory
240	118	6	将几切	cian33ci55chiq54	chiq	54	low_match	non_matched_quality:low_match;candidate_headword_differs	ch	iq	final_outside_compact_inventory
240	118	9	表姐妹	piau335cia55mhe52	mhe	52	matched	ok	m	he	final_outside_compact_inventory
240	118	10	几切	ci33chiq5	chiq	5	low_match	non_matched_quality:low_match;candidate_headword_differs	ch	iq	final_outside_compact_inventory
240	118	13	两老嬷	lian115lau55mo52	lian	115	matched	candidate_headword_differs	l	ian	final_outside_compact_inventory
240	118	14	两婆老	lian115bo55lau52	lian	115	matched	ok	l	ian	final_outside_compact_inventory
240	118	15	两老太婆	lian115lau55tha55bo52	lian	115	matched	candidate_headword_differs	l	ian	final_outside_compact_inventory
240	118	19	姑娘阿嫂	ku33gnian55o55sau52	gnian	55	matched	ok	gn	ian	final_outside_compact_inventory
240	118	24	亲眷	chin33cioen55	cioen	55	matched	bracket_context_review	c	ioen	final_outside_compact_inventory
240	118	25	亲戚	chin33chiq5	chiq	5	matched	ok	ch	iq	final_outside_compact_inventory
240	118	26	娘家	gnian11cia52	gnian	11	matched	ok	gn	ian	final_outside_compact_inventory
241	119	1	干娘	keen33gnian52	gnian	52	weak_match	non_matched_quality:weak_match;candidate_headword_differs	gn	ian	final_outside_compact_inventory
241	119	2	继拜娘	ci33pa33gnian33	gnian	33	matched	ok	gn	ian	final_outside_compact_inventory
241	119	3	继娘	ci33gnian33	gnian	33	matched	ok	gn	ian	final_outside_compact_inventory
241	119	19	同乡	don11shian52	shian	52	matched	ok	sh	ian	final_outside_compact_inventory
241	119	20	同乡人	don11shian55zeen52	shian	55	matched	ok	sh	ian	final_outside_compact_inventory
242	120	0	第七章	di11chiq1tsaon11	chiq	1	unmatched	empty_image;non_matched_quality:unmatched;candidate_headword_differs	ch	iq	final_outside_compact_inventory
242	120	1	结拜兄弟	ciq3pa55shion55di52	ciq	3	matched	ok	c	iq	final_outside_compact_inventory
242	120	2	上级	zan115ciq54	ciq	54	low_match	non_matched_quality:low_match;candidate_headword_differs	c	iq	final_outside_compact_inventory
242	120	4	下级	gho115ciq54	ciq	54	matched	ok	c	iq	final_outside_compact_inventory
242	120	7	邻舍隔壁	lin11se55kaq5piq54	piq	54	matched	candidate_headword_differs	p	iq	final_outside_compact_inventory
242	120	8	隔壁邻舍	kaq3piq5lin55se52	piq	5	matched	ok	p	iq	final_outside_compact_inventory
242	120	19	喜酒	shi335cieu52	cieu	52	low_match	non_matched_quality:low_match;candidate_headword_differs	c	ieu	final_outside_compact_inventory
242	120	20	指婚庆酒席	tsy335huen55chin55cieu55jiq54	cieu	55	matched	candidate_headword_differs	c	ieu	final_outside_compact_inventory
242	120	20	指婚庆酒席	tsy335huen55chin55cieu55jiq54	jiq	54	matched	candidate_headword_differs	j	iq	final_outside_compact_inventory
242	120	25	凤冠霞帧	von11kuoen11ya11	kuoen	11	weak_match	non_matched_quality:weak_match;candidate_headword_differs	k	uoen	final_outside_compact_inventory
243	121	1	棺材	kuoen33dze52	kuoen	33	matched	ok	k	uoen	final_outside_compact_inventory
243	121	15	舍五娘	se335wu55gnian52	gnian	52	low_match	non_matched_quality:low_match;candidate_headword_differs	gn	ian	final_outside_compact_inventory
243	121	16	产妇娘	tshaen335vu55gnian52	gnian	52	matched	ok	gn	ian	final_outside_compact_inventory
243	121	23	乡风	shian33fon52	shian	33	matched	ok	sh	ian	final_outside_compact_inventory
244	122	4	三官素	saen33kuoen55su52	kuoen	55	low_match	non_matched_quality:low_match;candidate_headword_differs	k	uoen	final_outside_compact_inventory
244	122	5	的素	tiq3su55	tiq	3	low_match	non_matched_quality:low_match;candidate_headword_differs	t	iq	final_outside_compact_inventory
244	122	6	观音素	kuoen33in55su52	kuoen	33	matched	candidate_headword_differs	k	uoen	final_outside_compact_inventory
244	122	10	求服丧	jieu11voq5saon52	jieu	11	unmatched	empty_image;non_matched_quality:unmatched;candidate_headword_differs	j	ieu	final_outside_compact_inventory
244	122	18	宝卷	pau335cioen52	cioen	52	weak_match	non_matched_quality:weak_match;candidate_headword_differs	c	ioen	final_outside_compact_inventory
244	122	20	常常省略一	dzaon11dzaon55san55liaq5iq54	iq	54	matched	ok		iq	final_outside_compact_inventory
245	123	4	观世音菩萨	kuoen33sy55in55bu55saeq54	kuoen	33	matched	ok	k	uoen	final_outside_compact_inventory
245	123	10	关帝菩萨	kuaen33ti55bu55saeq54	kuaen	33	matched	ok	k	uaen	final_outside_compact_inventory
245	123	17	黄老相公	huaon33lau55shian55kuon52	shian	55	matched	candidate_headword_differs	sh	ian	final_outside_compact_inventory
245	123	19	的人	tiq3zeen52	tiq	3	unmatched	empty_image;non_matched_quality:unmatched;candidate_headword_differs	t	iq	final_outside_compact_inventory
245	123	24	灵魂	lin11wen52	wen	52	matched	candidate_headword_differs	w	en	final_outside_compact_inventory
246	124	0	第七章	di11chiq1tsaon11	chiq	1	unmatched	empty_image;non_matched_quality:unmatched;candidate_headword_differs	ch	iq	final_outside_compact_inventory
246	124	2	淹死的	ien33sy55tiq54	tiq	54	weak_match	non_matched_quality:weak_match;candidate_headword_differs	t	iq	final_outside_compact_inventory
246	124	4	跌煞鬼	tiq3saeq5ciu52	tiq	3	matched	ok	t	iq	final_outside_compact_inventory
246	124	7	枪毙鬼	chian33bi55ciu52	chian	33	matched	ok	ch	ian	final_outside_compact_inventory
246	124	16	死的	sy335tiq54	tiq	54	unmatched	empty_image;non_matched_quality:unmatched;candidate_headword_differs	t	iq	final_outside_compact_inventory
247	125	7	零碎铜钱	ihin33se55don55dien52	ihin	33	matched	ok		ihin	final_outside_compact_inventory
247	125	8	零碎钞票	ihin33se55tshau55phiau52	ihin	33	matched	ok		ihin	final_outside_compact_inventory
247	125	10	零用钿	ihin33yon55	ihin	33	matched	candidate_headword_differs		ihin	final_outside_compact_inventory
247	125	17	旧词	jieu11dzy11	jieu	11	weak_match	bracket_context_review;non_matched_quality:weak_match;candidate_headword_differs	j	ieu	final_outside_compact_inventory
247	125	26	利息	li11shiq1	shiq	1	low_match	non_matched_quality:low_match;candidate_headword_differs	sh	iq	final_outside_compact_inventory
247	125	31	质当的物品	tseq3taon55tiq5veq5phin52	tiq	5	unmatched	empty_image;non_matched_quality:unmatched;candidate_headword_differs	t	iq	final_outside_compact_inventory
248	126	6	秤纽	tsheon33gnieu33	gnieu	33	matched	ok	gn	ieu	final_outside_compact_inventory
248	126	24	卖相	ma11shian11	shian	11	weak_match	non_matched_quality:weak_match;candidate_headword_differs	sh	ian	final_outside_compact_inventory
249	127	4	粮店	lian11tien55	lian	11	matched	ok	l	ian	final_outside_compact_inventory
249	127	13	馆子	kuoen335tsy52	kuoen	335	matched	ok	k	uoen	final_outside_compact_inventory
249	127	14	馆子店	kuoen335tsy55tien52	kuoen	335	matched	ok	k	uoen	final_outside_compact_inventory
249	127	15	茶馆	dzo11kuoen55	kuoen	55	matched	bracket_context_review	k	uoen	final_outside_compact_inventory
249	127	16	旅馆	li115kuoen52	kuoen	52	matched	ok	k	uoen	final_outside_compact_inventory
249	127	18	宿夜店	shieu33ya33tien33	shieu	33	matched	ok	sh	ieu	final_outside_compact_inventory
249	127	20	混堂	wen115daon52	wen	115	weak_match	non_matched_quality:weak_match;candidate_headword_differs	w	en	final_outside_compact_inventory
249	127	25	照相馆	tsau33shian33kuoen33	shian	33	matched	ok	sh	ian	final_outside_compact_inventory
249	127	25	照相馆	tsau33shian33kuoen33	kuoen	33	matched	ok	k	uoen	final_outside_compact_inventory
249	127	26	照相店	tsau33shian33tien33	shian	33	matched	ok	sh	ian	final_outside_compact_inventory
249	127	29	戏馆	shi33kuoen33	kuoen	33	matched	ok	k	uoen	final_outside_compact_inventory
250	128	0	第七章	di11chiq1tsaon11	chiq	1	unmatched	empty_image;non_matched_quality:unmatched;candidate_headword_differs	ch	iq	final_outside_compact_inventory
250	128	6	观众	kuoen33tson55	kuoen	33	matched	ok	k	uoen	final_outside_compact_inventory
250	128	16	县城	yen11dzeon11	yen	11	matched	ok	y	en	final_outside_compact_inventory
250	128	17	故乡	ku335shian52	shian	52	matched	ok	sh	ian	final_outside_compact_inventory
250	128	18	家乡	cia33shian52	shian	52	matched	ok	sh	ian	final_outside_compact_inventory
250	128	25	乡下	shian33gho55	shian	33	matched	bracket_context_review	sh	ian	final_outside_compact_inventory
251	129	11	城墙	dzeon11jian52	jian	52	matched	bracket_context_review	j	ian	final_outside_compact_inventory
251	129	18	铁路	thiq3lu55	thiq	3	matched	ok	th	iq	final_outside_compact_inventory
251	129	21	马路	mha33lu55	mha	33	matched	ok	m	ha	final_outside_compact_inventory
251	129	25	凉亭	lian11din52	lian	11	matched	ok	l	ian	final_outside_compact_inventory
252	130	0	第七章	di11chiq1tsaon11	chiq	1	unmatched	empty_image;non_matched_quality:unmatched;candidate_headword_differs	ch	iq	final_outside_compact_inventory
252	130	13	救火车	cieu33hu33ciu33	cieu	33	matched	ok	c	ieu	final_outside_compact_inventory
252	130	14	救护车	cieu33wu33ciu33	cieu	33	matched	ok	c	ieu	final_outside_compact_inventory
252	130	17	马托车	mha33thoq5ciu52	mha	33	matched	candidate_headword_differs	m	ha	final_outside_compact_inventory
252	130	18	马达掐	mha33daeq5khaeq54	mha	33	matched	candidate_headword_differs	m	ha	final_outside_compact_inventory
252	130	27	马车	mha33ciu52	mha	33	matched	ok	m	ha	final_outside_compact_inventory
253	131	5	用桨划的船	yon11cian11wo11tiq1zeen11	cian	11	unmatched	empty_image;non_matched_quality:unmatched;candidate_headword_differs	c	ian	final_outside_compact_inventory
253	131	5	用桨划的船	yon11cian11wo11tiq1zeen11	tiq	1	unmatched	empty_image;non_matched_quality:unmatched;candidate_headword_differs	t	iq	final_outside_compact_inventory
253	131	7	戳桨船	tshoq3cian55zeen52	cian	55	matched	ok	c	ian	final_outside_compact_inventory
253	131	12	摇橹的船	yau11lu55tiq5zeen52	tiq	5	unmatched	empty_image;non_matched_quality:unmatched;candidate_headword_differs	t	iq	final_outside_compact_inventory
253	131	14	摇四橹的船	yau11sy55lu55tiq5zeen52	tiq	5	matched	candidate_headword_differs	t	iq	final_outside_compact_inventory
253	131	19	船沿	zeen11yen52	yen	52	matched	ok	y	en	final_outside_compact_inventory
254	132	0	第七章	di11chiq1tsaon11	chiq	1	low_match	non_matched_quality:low_match;candidate_headword_differs	ch	iq	final_outside_compact_inventory
254	132	5	桨	cian335	cian	335	matched	ok	c	ian	final_outside_compact_inventory
254	132	6	扳桨	paen33cian55	cian	55	matched	ok	c	ian	final_outside_compact_inventory
254	132	7	桨	cian335	cian	335	weak_match	bracket_context_review;non_matched_quality:weak_match;candidate_headword_differs	c	ian	final_outside_compact_inventory
254	132	8	用脚蹬的桨	yon11ciaq1tiq1cian11	tiq	1	matched	bracket_context_review;candidate_headword_differs	t	iq	final_outside_compact_inventory
254	132	8	用脚蹬的桨	yon11ciaq1tiq1cian11	cian	11	matched	bracket_context_review;candidate_headword_differs	c	ian	final_outside_compact_inventory
254	132	9	桨桩	cian335tsaon52	cian	335	matched	ok	c	ian	final_outside_compact_inventory
254	132	16	双翼飞机	saon33yiq5fi55ci52	yiq	5	low_match	non_matched_quality:low_match;candidate_headword_differs	y	iq	final_outside_compact_inventory
254	132	17	单翼飞机	taen33yiq5fi55ci52	yiq	5	matched	candidate_headword_differs	y	iq	final_outside_compact_inventory
254	132	28	旧词	jieu11dzy11	jieu	11	weak_match	non_matched_quality:weak_match;candidate_headword_differs	j	ieu	final_outside_compact_inventory
255	133	15	幼稚园	ieu33dzy33yoen33	ieu	33	matched	ok		ieu	final_outside_compact_inventory
255	133	16	幼儿园	ieu33gni33yoen33	ieu	33	matched	ok		ieu	final_outside_compact_inventory
255	133	17	年级	gnien11ciq5	ciq	5	matched	ok	c	iq	final_outside_compact_inventory
255	133	18	班级	paen33ciq5	ciq	5	matched	ok	c	iq	final_outside_compact_inventory
256	134	0	第七章	di11chiq1tsaon11	chiq	1	unmatched	empty_image;non_matched_quality:unmatched;candidate_headword_differs	ch	iq	final_outside_compact_inventory
256	134	5	粉笔	feen335piq54	piq	54	matched	ok	p	iq	final_outside_compact_inventory
256	134	6	粉笔字	feen335piq5zy52	piq	5	matched	ok	p	iq	final_outside_compact_inventory
256	134	9	石笔	zaq1piq5	piq	5	matched	ok	p	iq	final_outside_compact_inventory
256	134	12	笔记簿	piq3ci55bu52	piq	3	matched	candidate_headword_differs	p	iq	final_outside_compact_inventory
256	134	13	笔记本	piq3ci55peen52	piq	3	matched	ok	p	iq	final_outside_compact_inventory
256	134	19	钢笔	kaon33piq5	piq	5	matched	ok	p	iq	final_outside_compact_inventory
256	134	20	自来水笔	zy115le55sy55piq54	piq	54	matched	candidate_headword_differs	p	iq	final_outside_compact_inventory
256	134	21	蘸水钢笔	tsaen33sy33kaon33piq3	piq	3	low_match	non_matched_quality:low_match;candidate_headword_differs	p	iq	final_outside_compact_inventory
256	134	22	铅笔	khaen33piq5	piq	5	matched	ok	p	iq	final_outside_compact_inventory
256	134	23	圆珠笔	yoen11ciu55piq54	piq	54	matched	ok	p	iq	final_outside_compact_inventory
256	134	24	原子笔	gnioen11tsy55piq54	gnioen	11	matched	ok	gn	ioen	final_outside_compact_inventory
256	134	24	原子笔	gnioen11tsy55piq54	piq	54	matched	ok	p	iq	final_outside_compact_inventory
256	134	25	蜡笔	laeq1piq5	piq	5	matched	ok	p	iq	final_outside_compact_inventory
256	134	26	墨笔	moq1piq5	piq	5	matched	ok	p	iq	final_outside_compact_inventory
256	134	27	笔头	piq3deu52	piq	3	matched	ok	p	iq	final_outside_compact_inventory
256	134	28	笔管	piq3kuoen55	piq	3	matched	ok	p	iq	final_outside_compact_inventory
256	134	28	笔管	piq3kuoen55	kuoen	55	matched	ok	k	uoen	final_outside_compact_inventory
256	134	29	笔帽	piq3ma55	piq	3	unmatched	empty_image;non_matched_quality:unmatched;candidate_headword_differs	p	iq	final_outside_compact_inventory
257	135	0	笔套管	piq3thau55kuoen52	piq	3	low_match	non_matched_quality:low_match;candidate_headword_differs	p	iq	final_outside_compact_inventory
257	135	0	笔套管	piq3thau55kuoen52	kuoen	52	low_match	non_matched_quality:low_match;candidate_headword_differs	k	uoen	final_outside_compact_inventory
257	135	1	笔筒	piq3don55	piq	3	weak_match	non_matched_quality:weak_match;candidate_headword_differs	p	iq	final_outside_compact_inventory
257	135	2	笔架	piq3cia55	piq	3	matched	ok	p	iq	final_outside_compact_inventory
257	135	3	橡皮	jian115bi52	jian	115	matched	ok	j	ian	final_outside_compact_inventory
257	135	4	卷笔套	cioen335piq5thau52	cioen	335	matched	candidate_headword_differs	c	ioen	final_outside_compact_inventory
257	135	4	卷笔套	cioen335piq5thau52	piq	5	matched	candidate_headword_differs	p	iq	final_outside_compact_inventory
257	135	5	铅笔刀	khaen33piq5tau52	piq	5	matched	candidate_headword_differs	p	iq	final_outside_compact_inventory
257	135	6	铅笔孟子	khaen33piq5man55tsy52	piq	5	weak_match	non_matched_quality:weak_match;candidate_headword_differs	p	iq	final_outside_compact_inventory
257	135	7	铅笔盒	khaen33piq5gheq54	piq	5	matched	ok	p	iq	final_outside_compact_inventory
257	135	22	橡皮筋	jian115bi55cin52	jian	115	matched	ok	j	ian	final_outside_compact_inventory
257	135	23	牛皮筋	gnieu11bi55cin52	gnieu	11	matched	ok	gn	ieu	final_outside_compact_inventory
258	136	0	第七章	di11chiq1tsaon11	chiq	1	unmatched	empty_image;non_matched_quality:unmatched;candidate_headword_differs	ch	iq	final_outside_compact_inventory
258	136	2	浆糊	cian33wu52	cian	33	matched	ok	c	ian	final_outside_compact_inventory
258	136	9	考试卷	khau335sy55cioen52	cioen	52	matched	candidate_headword_differs	c	ioen	final_outside_compact_inventory
258	136	10	测验卷	tsheoq3gniaen55cioen52	gniaen	55	matched	ok	gn	iaen	final_outside_compact_inventory
258	136	10	测验卷	tsheoq3gniaen55cioen52	cioen	52	matched	ok	c	ioen	final_outside_compact_inventory
258	136	11	一百分	iq3paq5feen52	iq	3	low_match	non_matched_quality:low_match;candidate_headword_differs		iq	final_outside_compact_inventory
258	136	12	头一名	deu11iq5min52	iq	5	matched	candidate_headword_differs		iq	final_outside_compact_inventory
258	136	13	零蛋	ihin33daen55	ihin	33	low_match	non_matched_quality:low_match;candidate_headword_differs		ihin	final_outside_compact_inventory
