row_index,page,hanzi,wupin_original,wupin_canonical_source,ipa_from_wupin,wupin_back,issue_type,forward_status,backward_status
36,124,鱼厣云,yu11ieen55yoen52,yu11ieen55yoen52,ɦy11<ieen55>ɦiø̃52,yu11ieen55yoen52,forward_error;backward_error,unknown_final:ieen:ieen,unknown_ipa:<;unknown_ipa:e;unknown_ipa:e;unknown_ipa:>
303,134,乌焦毛头臭,u33ciau55mhau55deu55tsheu33,u33ciau55mhau55deu55tsheu33,u33tɕiɒ55<mhau55>dɤ55tsʰɤ33,u33ciau55mhau55deu55tsheu33,forward_error;backward_error,unknown_final:hau:mhau,unknown_ipa:<;unknown_ipa:>
517,142,马熊,mha33yon52,mha33yon52,<mha33>ɦioŋ52,mha33yon52,forward_error;backward_error,unknown_final:ha:mha,unknown_ipa:<;unknown_ipa:>
627,145,毛大蟹,mhau33da55ha52,mhau33da55ha52,<mhau33>da55ha52,mhau33da55ha52,forward_error;backward_error,unknown_final:hau:mhau,unknown_ipa:<;unknown_ipa:>
676,147,知了,tsy33iiau55,tsy33iiau55,tsɿ33<iiau55>,tsy33iiau55,forward_error;backward_error,unknown_final:iiau:iiau,unknown_ipa:<;unknown_ipa:>
684,147,毛蝴蝶,mhau33wu55diaq54,mhau33wu55diaq54,<mhau33>ɦu55diaʔ54,mhau33wu55diaq54,forward_error;backward_error,unknown_final:hau:mhau,unknown_ipa:<;unknown_ipa:>
685,147,杨痢毛,lian11li55mhau52,lian11li55mhau52,liaŋ11li55<mhau52>,lian11li55mhau52,forward_error;backward_error,unknown_final:hau:mhau,unknown_ipa:<;unknown_ipa:>
745,149,马,mha52,mha52,<mha52>,mha52,forward_error;backward_error,unknown_final:ha:mha,unknown_ipa:<;unknown_ipa:>
746,149,雄马,yon11mha52,yon11mha52,ɦioŋ11<mha52>,yon11mha52,forward_error;backward_error,unknown_final:ha:mha,unknown_ipa:<;unknown_ipa:>
747,149,雌马,tshy33mha52,tshy33mha52,tsʰɿ33<mha52>,tshy33mha52,forward_error;backward_error,unknown_final:ha:mha,unknown_ipa:<;unknown_ipa:>
748,149,小马,shiau335mha52,shiau335mha52,ɕiɒ335<mha52>,shiau335mha52,forward_error;backward_error,unknown_final:ha:mha,unknown_ipa:<;unknown_ipa:>
754,149,肉猪,gnio11tsy11,gnio11tsy11,ȵiɒ11tsɿ11,gniau11tsy11,roundtrip_mismatch,ok,ok
755,149,肉肉,gnio11gnio11,gnio11gnio11,ȵiɒ11ȵiɒ11,gniau11gniau11,roundtrip_mismatch,ok,ok
757,150,雄肉猪,yon11gnio55tsy52,yon11gnio55tsy52,ɦioŋ11ȵiɒ55tsɿ52,yon11gniau55tsy52,roundtrip_mismatch,ok,ok
812,151,黄毛小鹅,huaon33mhau55shiau55ngo52,huaon33mhau55shiau55ngo52,huɒŋ33<mhau55>ɕiɒ55ŋo52,huaon33mhau55shiau55ngo52,forward_error;backward_error,unknown_final:hau:mhau,unknown_ipa:<;unknown_ipa:>
826,152,毛毛,mhau33mhau52,mhau33mhau52,<mhau33><mhau52>,mhau33mhau52,forward_error;backward_error,unknown_final:hau:mhau;unknown_final:hau:mhau,unknown_ipa:<;unknown_ipa:>;unknown_ipa:<;unknown_ipa:>
827,152,毛,mhau52,mhau52,<mhau52>,mhau52,forward_error;backward_error,unknown_final:hau:mhau,unknown_ipa:<;unknown_ipa:>
828,152,雉鸡毛,dzy115ci55mhau52,dzy115ci55mhau52,dzɿ115tɕi55<mhau52>,dzy115ci55mhau52,forward_error;backward_error,unknown_final:hau:mhau,unknown_ipa:<;unknown_ipa:>
877,154,毛竹,mhau33tsoq5,mhau33tsoq5,<mhau33>tsoʔ5,mhau33tsoq5,forward_error;backward_error,unknown_final:hau:mhau,unknown_ipa:<;unknown_ipa:>
885,154,毛笋,mhau33seen55,mhau33seen55,<mhau33>sẽ55,mhau33seen55,forward_error;backward_error,unknown_final:hau:mhau,unknown_ipa:<;unknown_ipa:>
889,154,马鞭笋,mha33pien55seen52,mha33pien55seen52,<mha33>piẽ55sẽ52,mha33pien55seen52,forward_error;backward_error,unknown_final:ha:mha,unknown_ipa:<;unknown_ipa:>
936,156,拉拉藤,iha33iha55deon52,iha33iha55deon52,<iha33><iha55>dəŋ52,iha33iha55deon52,forward_error;backward_error,unknown_final:iha:iha;unknown_final:iha:iha,unknown_ipa:<;unknown_ipa:>;unknown_ipa:<;unknown_ipa:>
945,156,酸妹妹,soen33mhe55mhe52,soen33mhe55mhe52,sø̃33<mhe55><mhe52>,soen33mhe55mhe52,forward_error;backward_error,unknown_final:he:mhe;unknown_final:he:mhe,unknown_ipa:<;unknown_ipa:e;unknown_ipa:>;unknown_ipa:<;unknown_ipa:e;unknown_ipa:>
955,156,白毛夏枯草,baq1mhau55gho55khu55tshau52,baq1mhau55gho55khu55tshau52,baʔ1<mhau55>ɦo55kʰu55tsʰɒ52,baq1mhau55gho55khu55tshau52,forward_error;backward_error,unknown_final:hau:mhau,unknown_ipa:<;unknown_ipa:>
1022,158,毛豆,mhau33deu55,mhau33deu55,<mhau33>dɤ55,mhau33deu55,forward_error;backward_error,unknown_final:hau:mhau,unknown_ipa:<;unknown_ipa:>
1063,160,闷糠,mheen33khaon52,mheen33khaon52,<mheen33>kʰɒŋ52,mheen33khaon52,forward_error;backward_error,unknown_final:heen:mheen,unknown_ipa:<;unknown_ipa:e;unknown_ipa:e;unknown_ipa:>
1076,160,鸡毛菜,ci33mhau55tshe52,ci33mhau55tshe52,tɕi33<mhau55>tsʰᴇ52,ci33mhau55tshe52,forward_error;backward_error,unknown_final:hau:mhau,unknown_ipa:<;unknown_ipa:>
1094,161,马兰头,mha33laen55deu52,mha33laen55deu52,<mha33>læ̃55dɤ52,mha33laen55deu52,forward_error;backward_error,unknown_final:ha:mha,unknown_ipa:<;unknown_ipa:>
1107,161,芥拉头,ka33iha33deu33,ka33iha33deu33,ka33<iha33>dɤ33,ka33iha33deu33,forward_error;backward_error,unknown_final:iha:iha,unknown_ipa:<;unknown_ipa:>
1207,165,零食,ihin33zeoq5,ihin33zeoq5,<ihin33>zəʔ5,ihin33zeoq5,forward_error;backward_error,unknown_final:ihin:ihin,unknown_ipa:<;unknown_ipa:>
1244,166,肉,gnio11,gnio11,ȵiɒ11,gniau11,roundtrip_mismatch,ok,ok
1248,166,牛肉,gnieu11gnio55,gnieu11gnio55,ȵiɤ11ȵiɒ55,gnieu11gniau55,roundtrip_mismatch,ok,ok
1249,166,羊肉,yan11gnio55,yan11gnio55,ɦiaŋ11ȵiɒ55,yan11gniau55,roundtrip_mismatch,ok,ok
1252,166,猪头肉,tsy33deu55gnio52,tsy33deu55gnio52,tsɿ33dɤ55ȵiɒ52,tsy33deu55gniau52,roundtrip_mismatch,ok,ok
1254,166,栗子肉,liq1tsy55gnio52,liq1tsy55gnio52,lieʔ1tsɿ55ȵiɒ52,liq1tsy55gniau52,roundtrip_mismatch,ok,ok
1255,166,槽头肉,za11deu55gnio52,za11deu55gnio52,za11dɤ55ȵiɒ52,za11deu55gniau52,roundtrip_mismatch,ok,ok
1271,167,五花肉,wu115huo55gnio52,wu115huo55gnio52,ɦu115huo55ȵiɒ52,wu115huo55gniau52,roundtrip_mismatch,ok,ok
1272,167,瞪脯肉,teon33bu33gnio33,teon33bu33gnio33,təŋ33bu33ȵiɒ33,teon33bu33gniau33,roundtrip_mismatch,ok,ok
1277,167,咸肉,ghaen11gnio55,ghaen11gnio55,ɦæ̃11ȵiɒ55,ghaen11gniau55,roundtrip_mismatch,ok,ok
1278,167,腊肉,laeq1gnio55,laeq1gnio55,læʔ1ȵiɒ55,laeq1gniau55,roundtrip_mismatch,ok,ok
1373,170,冻肉,ton33gnio55,ton33gnio55,toŋ33ȵiɒ55,ton33gniau55,roundtrip_mismatch,ok,ok
1374,170,扎肉,tsaq3gnio55,tsaq3gnio55,tsaʔ3ȵiɒ55,tsaq3gniau55,roundtrip_mismatch,ok,ok
1378,170,烹炒猪肉,pheen33tshau55tsy55gnio52,pheen33tshau55tsy55gnio52,pʰẽ33tsʰɒ55tsɿ55ȵiɒ52,pheen33tshau55tsy55gniau52,roundtrip_mismatch,ok,ok
1380,170,烹炒猪肉,pheen33tshau55tsy55gnio52,pheen33tshau55tsy55gnio52,pʰẽ33tsʰɒ55tsɿ55ȵiɒ52,pheen33tshau55tsy55gniau52,roundtrip_mismatch,ok,ok
1389,170,霉干菜语肉,me11keen55tshe55gniu55gnio52,me11keen55tshe55gniu55gnio52,mᴇ11kẽ55tsʰᴇ55ȵy55ȵiɒ52,me11keen55tshe55gniu55gniau52,roundtrip_mismatch,ok,ok
1408,171,末,mheq45,mheq45,<mheq45>,mheq45,forward_error;backward_error,unknown_final:heq:mheq,unknown_ipa:<;unknown_ipa:e;unknown_ipa:q;unknown_ipa:>
1450,172,桂圆肉,kue33yoen33gnio33,kue33yoen33gnio33,kuᴇ33ɦiø̃33ȵiɒ33,kue33yoen33gniau33,roundtrip_mismatch,ok,ok
1452,172,胡桃肉,lu11dau55gnio52,lu11dau55gnio52,lu11dɒ55ȵiɒ52,lu11dau55gniau52,roundtrip_mismatch,ok,ok
1453,172,小胡桃肉,shiau335lu55dau55gnio52,shiau335lu55dau55gnio52,ɕiɒ335lu55dɒ55ȵiɒ52,shiau335lu55dau55gniau52,roundtrip_mismatch,ok,ok
1568,176,毛货,mhau33hu55,mhau33hu55,<mhau33>hu55,mhau33hu55,forward_error;backward_error,unknown_final:hau:mhau,unknown_ipa:<;unknown_ipa:>
1569,176,毛线,mhau33shien55,mhau33shien55,<mhau33>ɕiẽ55,mhau33shien55,forward_error;backward_error,unknown_final:hau:mhau,unknown_ipa:<;unknown_ipa:>
1579,176,零头布,ihin33deu55pu52,ihin33deu55pu52,<ihin33>dɤ55pu52,ihin33deu55pu52,forward_error;backward_error,unknown_final:ihin:ihin,unknown_ipa:<;unknown_ipa:>
1605,177,棉毛衫,mien11mhau55saen52,mien11mhau55saen52,miẽ11<mhau55>sæ̃52,mien11mhau55saen52,forward_error;backward_error,unknown_final:hau:mhau,unknown_ipa:<;unknown_ipa:>
1608,177,棉毛裤,mien11mhau55khu52,mien11mhau55khu52,miẽ11<mhau55>kʰu52,mien11mhau55khu52,forward_error;backward_error,unknown_final:hau:mhau,unknown_ipa:<;unknown_ipa:>
1612,178,毛线衫,mhau33shien55saen52,mhau33shien55saen52,<mhau33>ɕiẽ55sæ̃52,mhau33shien55saen52,forward_error;backward_error,unknown_final:hau:mhau,unknown_ipa:<;unknown_ipa:>
1613,178,毛线裤,mhau33shien55khu52,mhau33shien55khu52,<mhau33>ɕiẽ55kʰu52,mhau33shien55khu52,forward_error;backward_error,unknown_final:hau:mhau,unknown_ipa:<;unknown_ipa:>
1617,178,马甲,mha33ciaq5,mha33ciaq5,<mha33>tɕiaʔ5,mha33ciaq5,forward_error;backward_error,unknown_final:ha:mha,unknown_ipa:<;unknown_ipa:>
1636,178,马褂,mha33kuo55,mha33kuo55,<mha33>kuo55,mha33kuo55,forward_error;backward_error,unknown_final:ha:mha,unknown_ipa:<;unknown_ipa:>
1691,180,拦馋,ihaen33daen52,ihaen33daen52,<ihaen33>dæ̃52,ihaen33daen52,forward_error;backward_error,unknown_final:ihaen:ihaen,unknown_ipa:<;unknown_ipa:e;unknown_ipa:>
1692,180,拦馋袋,ihaen33daen55de52,ihaen33daen55de52,<ihaen33>dæ̃55dᴇ52,ihaen33daen55de52,forward_error;backward_error,unknown_final:ihaen:ihaen,unknown_ipa:<;unknown_ipa:e;unknown_ipa:>
1799,184,毛墙,mhau33jian52,mhau33jian52,<mhau33>dʑiaŋ52,mhau33jian52,forward_error;backward_error,unknown_final:hau:mhau,unknown_ipa:<;unknown_ipa:>
1841,185,標条,pips11tiau52,pips11tiau52,<pips11>tiɒ52,pips11tiau52,forward_error;backward_error,unknown_final:ips:pips,unknown_ipa:<;unknown_ipa:>
1879,186,烟肉,ien33gnio55,ien33gnio55,iẽ33ȵiɒ55,ien33gniau55,roundtrip_mismatch,ok,ok
1924,189,马踏椅,mha33daeq5i52,mha33daeq5i52,<mha33>dæʔ5i52,mha33daeq5i52,forward_error;backward_error,unknown_final:ha:mha,unknown_ipa:<;unknown_ipa:>
1925,189,马踏椅子,mha33daeq5i55tsy52,mha33daeq5i55tsy52,<mha33>dæʔ5i55tsɿ52,mha33daeq5i55tsy52,forward_error;backward_error,unknown_final:ha:mha,unknown_ipa:<;unknown_ipa:>
1939,189,马扎,mha33tsaq5,mha33tsaq5,<mha33>tsaʔ5,mha33tsaq5,forward_error;backward_error,unknown_final:ha:mha,unknown_ipa:<;unknown_ipa:>
1978,191,马桶箱,mha33don55shian52,mha33don55shian52,<mha33>doŋ55ɕiaŋ52,mha33don55shian52,forward_error;backward_error,unknown_final:ha:mha,unknown_ipa:<;unknown_ipa:>
2082,194,撩兜,ihiau33teu52,ihiau33teu52,<ihiau33>tɤ52,ihiau33teu52,forward_error;backward_error,unknown_final:ihiau:ihiau,unknown_ipa:<;unknown_ipa:>
2122,195,闷盖碗,mheen33ke55uoen52,mheen33ke55uoen52,<mheen33>kᴇ55uø̃52,mheen33ke55uoen52,forward_error;backward_error,unknown_final:heen:mheen,unknown_ipa:<;unknown_ipa:e;unknown_ipa:e;unknown_ipa:>
2165,197,松毛柴,son33mhau55za52,son33mhau55za52,soŋ33<mhau55>za52,son33mhau55za52,forward_error;backward_error,unknown_final:hau:mhau,unknown_ipa:<;unknown_ipa:>
2195,198,马灯,mha33teon52,mha33teon52,<mha33>təŋ52,mha33teon52,forward_error;backward_error,unknown_final:ha:mha,unknown_ipa:<;unknown_ipa:>
2223,199,毛巾,mhau33cin52,mhau33cin52,<mhau33>tɕiŋ52,mhau33cin52,forward_error;backward_error,unknown_final:hau:mhau,unknown_ipa:<;unknown_ipa:>
2266,200,鸡毛帚,ci33mhau55tseu52,ci33mhau55tseu52,tɕi33<mhau55>tsɤ52,ci33mhau55tseu52,forward_error;backward_error,unknown_final:hau:mhau,unknown_ipa:<;unknown_ipa:>
2267,200,鸡毛掸子,ci33mhau55taen55tsy52,ci33mhau55taen55tsy52,tɕi33<mhau55>tæ̃55tsɿ52,ci33mhau55taen55tsy52,forward_error;backward_error,unknown_final:hau:mhau,unknown_ipa:<;unknown_ipa:>
2278,200,毛纸,mhau33tsy55,mhau33tsy55,<mhau33>tsɿ55,mhau33tsy55,forward_error;backward_error,unknown_final:hau:mhau,unknown_ipa:<;unknown_ipa:>
2282,201,马桶,mha33don55,mha33don55,<mha33>doŋ55,mha33don55,forward_error;backward_error,unknown_final:ha:mha,unknown_ipa:<;unknown_ipa:>
2366,203,眉毛钳,mi11mhau55geen52,mi11mhau55geen52,mi11<mhau55>ɡẽ52,mi11mhau55geen52,forward_error;backward_error,unknown_final:hau:mhau,unknown_ipa:<;unknown_ipa:>
2470,207,马达,mha33daeq5,mha33daeq5,<mha33>dæʔ5,mha33daeq5,forward_error;backward_error,unknown_final:ha:mha,unknown_ipa:<;unknown_ipa:>
2542,209,肉里眼,gnio11li11ngaen11,gnio11li11ngaen11,ȵiɒ11li11ŋæ̃11,gniau11li11ngaen11,roundtrip_mismatch,ok,ok
2543,209,毛,mhau52,mhau52,<mhau52>,mhau52,forward_error;backward_error,unknown_final:hau:mhau,unknown_ipa:<;unknown_ipa:>
2562,210,胎毛,the33mhau52,the33mhau52,tʰᴇ33<mhau52>,the33mhau52,forward_error;backward_error,unknown_final:hau:mhau,unknown_ipa:<;unknown_ipa:>
2596,211,眼毛,ngaen115mhau52,ngaen115mhau52,ŋæ̃115<mhau52>,ngaen115mhau52,forward_error;backward_error,unknown_final:hau:mhau,unknown_ipa:<;unknown_ipa:>
2597,211,睫毛,jiq1mhau52,jiq1mhau52,dʑieʔ1<mhau52>,jiq1mhau52,forward_error;backward_error,unknown_final:hau:mhau,unknown_ipa:<;unknown_ipa:>
2598,211,眉毛,mi11mhau52,mi11mhau52,mi11<mhau52>,mi11mhau52,forward_error;backward_error,unknown_final:hau:mhau,unknown_ipa:<;unknown_ipa:>
2635,212,牙床肉,ngo11zaon55gnio52,ngo11zaon55gnio52,ŋo11zɒŋ55ȵiɒ52,ngo11zaon55gniau52,roundtrip_mismatch,ok,ok
2673,214,屁股肉,phi33ku33gnio33,phi33ku33gnio33,pʰi33ku33ȵiɒ33,phi33ku33gniau33,roundtrip_mismatch,ok,ok
2745,216,肉,gnio11,gnio11,ȵiɒ11,gniau11,roundtrip_mismatch,ok,ok
2752,216,寒毛,gheen11mhau52,gheen11mhau52,ɦẽ11<mhau52>,gheen11mhau52,forward_error;backward_error,unknown_final:hau:mhau,unknown_ipa:<;unknown_ipa:>
2753,216,寒毛管,gheen11mhau55kuoen52,gheen11mhau55kuoen52,ɦẽ11<mhau55>kuø̃52,gheen11mhau55kuoen52,forward_error;backward_error,unknown_final:hau:mhau,unknown_ipa:<;unknown_ipa:>
2754,216,寒毛孔,gheen11mhau55khuon52,gheen11mhau55khuon52,ɦẽ11<mhau55>kʰuoŋ52,gheen11mhau55khuon52,forward_error;backward_error,unknown_final:hau:mhau,unknown_ipa:<;unknown_ipa:>
2811,218,毛病,mhau33bin55,mhau33bin55,<mhau33>biŋ55,mhau33bin55,forward_error;backward_error,unknown_final:hau:mhau,unknown_ipa:<;unknown_ipa:>
2938,222,新肉,shin33gnio55,shin33gnio55,ɕiŋ33ȵiɒ55,shin33gniau55,roundtrip_mismatch,ok,ok
2954,223,膏药黏,kau33yaq5gnhien52,kau33yaq5gnhien52,kɒ33ɦiaʔ5<gnhien52>,kau33yaq5gnhien52,forward_error;backward_error,unknown_final:hien:gnhien,unknown_ipa:<;unknown_ipa:g;unknown_ipa:e;unknown_ipa:>
2995,224,小毛头,shiau335mhau55deu52,shiau335mhau55deu52,ɕiɒ335<mhau55>dɤ52,shiau335mhau55deu52,forward_error;backward_error,unknown_final:hau:mhau,unknown_ipa:<;unknown_ipa:>
2997,224,肉肉,gnio11gnio11,gnio11gnio11,ȵiɒ11ȵiɒ11,gniau11gniau11,roundtrip_mismatch,ok,ok
3096,228,摸夜游,mhoq3ya55yeu52,mhoq3ya55yeu52,<mhoq3>ɦia55ɦiɤ52,mhoq3ya55yeu52,forward_error;backward_error,unknown_final:hoq:mhoq,unknown_ipa:<;unknown_ipa:q;unknown_ipa:>
3288,234,姆妈,mu115mha52,mu115mha52,mu115<mha52>,mu115mha52,forward_error;backward_error,unknown_final:ha:mha,unknown_ipa:<;unknown_ipa:>
3300,234,祖母的姊妹,tsu335mu55tiq5tsy55mhe52,tsu335mu55tiq5tsy55mhe52,tsu335mu55tieʔ5tsɿ55<mhe52>,tsu335mu55tiq5tsy55mhe52,forward_error;backward_error,unknown_final:he:mhe,unknown_ipa:<;unknown_ipa:e;unknown_ipa:>
3326,235,阿妹,o33mhe55,o33mhe55,o33<mhe55>,o33mhe55,forward_error;backward_error,unknown_final:he:mhe,unknown_ipa:<;unknown_ipa:e;unknown_ipa:>
3327,235,妹妹,mhe33mhe33,mhe33mhe33,<mhe33><mhe33>,mhe33mhe33,forward_error;backward_error,unknown_final:he:mhe;unknown_final:he:mhe,unknown_ipa:<;unknown_ipa:e;unknown_ipa:>;unknown_ipa:<;unknown_ipa:e;unknown_ipa:>
3379,237,堂阿妹,daon11o55mhe52,daon11o55mhe52,dɒŋ11o55<mhe52>,daon11o55mhe52,forward_error;backward_error,unknown_final:he:mhe,unknown_ipa:<;unknown_ipa:e;unknown_ipa:>
3384,237,撩勿着,ihiau33veq5tsaq54,ihiau33veq5tsaq54,<ihiau33>veʔ5tsaʔ54,ihiau33veq5tsaq54,forward_error;backward_error,unknown_final:ihiau:ihiau,unknown_ipa:<;unknown_ipa:>
3397,238,妹夫,mhe33fu33,mhe33fu33,<mhe33>fu33,mhe33fu33,forward_error;backward_error,unknown_final:he:mhe,unknown_ipa:<;unknown_ipa:e;unknown_ipa:>
3398,238,妹丈,mhe33dzan33,mhe33dzan33,<mhe33>dzaŋ33,mhe33dzan33,forward_error;backward_error,unknown_final:he:mhe,unknown_ipa:<;unknown_ipa:e;unknown_ipa:>
3408,238,妹,mhe33,mhe33,<mhe33>,mhe33,forward_error;backward_error,unknown_final:he:mhe,unknown_ipa:<;unknown_ipa:e;unknown_ipa:>
3432,239,表阿妹,piau335o55mhe52,piau335o55mhe52,piɒ335o55<mhe52>,piau335o55mhe52,forward_error;backward_error,unknown_final:he:mhe,unknown_ipa:<;unknown_ipa:e;unknown_ipa:>
3452,240,姐妹,cia335mhe52,cia335mhe52,tɕia335<mhe52>,cia335mhe52,forward_error;backward_error,unknown_final:he:mhe,unknown_ipa:<;unknown_ipa:e;unknown_ipa:>
3455,240,堂姐妹,daon11cia55mhe52,daon11cia55mhe52,dɒŋ11tɕia55<mhe52>,daon11cia55mhe52,forward_error;backward_error,unknown_final:he:mhe,unknown_ipa:<;unknown_ipa:e;unknown_ipa:>
3459,240,表姐妹,piau335cia55mhe52,piau335cia55mhe52,piɒ335tɕia55<mhe52>,piau335cia55mhe52,forward_error;backward_error,unknown_final:he:mhe,unknown_ipa:<;unknown_ipa:e;unknown_ipa:>
3663,247,零碎铜钱,ihin33se55don55dien52,ihin33se55don55dien52,<ihin33>sᴇ55doŋ55diẽ52,ihin33se55don55dien52,forward_error;backward_error,unknown_final:ihin:ihin,unknown_ipa:<;unknown_ipa:>
3664,247,零碎钞票,ihin33se55tshau55phiau52,ihin33se55tshau55phiau52,<ihin33>sᴇ55tsʰɒ55pʰiɒ52,ihin33se55tshau55phiau52,forward_error;backward_error,unknown_final:ihin:ihin,unknown_ipa:<;unknown_ipa:>
3666,247,零用钿,ihin33yon55,ihin33yon55,<ihin33>ɦioŋ55,ihin33yon55,forward_error;backward_error,unknown_final:ihin:ihin,unknown_ipa:<;unknown_ipa:>
3730,249,肉店,gnio11tien11,gnio11tien11,ȵiɒ11tiẽ11,gniau11tien11,roundtrip_mismatch,ok,ok
3801,251,马路,mha33lu55,mha33lu55,<mha33>lu55,mha33lu55,forward_error;backward_error,unknown_final:ha:mha,unknown_ipa:<;unknown_ipa:>
3826,252,马托车,mha33thoq5ciu52,mha33thoq5ciu52,<mha33>tʰoʔ5tɕy52,mha33thoq5ciu52,forward_error;backward_error,unknown_final:ha:mha,unknown_ipa:<;unknown_ipa:>
3827,252,马达掐,mha33daeq5khaeq54,mha33daeq5khaeq54,<mha33>dæʔ5kʰæʔ54,mha33daeq5khaeq54,forward_error;backward_error,unknown_final:ha:mha,unknown_ipa:<;unknown_ipa:>
3836,252,马车,mha33ciu52,mha33ciu52,<mha33>tɕy52,mha33ciu52,forward_error;backward_error,unknown_final:ha:mha,unknown_ipa:<;unknown_ipa:>
4000,258,零蛋,ihin33daen55,ihin33daen55,<ihin33>dæ̃55,ihin33daen55,forward_error;backward_error,unknown_final:ihin:ihin,unknown_ipa:<;unknown_ipa:>
4265,267,打雨毛丝,to335yu55mhau55sy52,to335yu55mhau55sy52,to335ɦy55<mhau55>sɿ52,to335yu55mhau55sy52,forward_error;backward_error,unknown_final:hau:mhau,unknown_ipa:<;unknown_ipa:>
4404,273,挠,nhau52,nhau52,<nhau52>,nhau52,forward_error;backward_error,unknown_final:hau:nhau,unknown_ipa:<;unknown_ipa:>
4407,273,撸,ihu52,ihu52,<ihu52>,ihu52,forward_error;backward_error,unknown_final:ihu:ihu,unknown_ipa:<;unknown_ipa:>
4409,273,摞,iho335,iho335,<iho335>,iho335,forward_error;backward_error,unknown_final:iho:iho,unknown_ipa:<;unknown_ipa:>
4410,273,撩,ihiau52,ihiau52,<ihiau52>,ihiau52,forward_error;backward_error,unknown_final:ihiau:ihiau,unknown_ipa:<;unknown_ipa:>
4429,273,研,gnhien52,gnhien52,<gnhien52>,gnhien52,forward_error;backward_error,unknown_final:hien:gnhien,unknown_ipa:<;unknown_ipa:g;unknown_ipa:e;unknown_ipa:>
4439,274,拎,ihin52,ihin52,<ihin52>,ihin52,forward_error;backward_error,unknown_final:ihin:ihin,unknown_ipa:<;unknown_ipa:>
4445,274,拉,iha52,iha52,<iha52>,iha52,forward_error;backward_error,unknown_final:iha:iha,unknown_ipa:<;unknown_ipa:>
4468,275,橋,dzip115552,dzip115552,<dzip115552>,dzip115552,forward_error;backward_error,unknown_final:ip:dzip,unknown_ipa:<;unknown_ipa:>
4517,277,闷,mheen52,mheen52,<mheen52>,mheen52,forward_error;backward_error,unknown_final:heen:mheen,unknown_ipa:<;unknown_ipa:e;unknown_ipa:e;unknown_ipa:>
4586,279,拦,ihaen52,ihaen52,<ihaen52>,ihaen52,forward_error;backward_error,unknown_final:ihaen:ihaen,unknown_ipa:<;unknown_ipa:e;unknown_ipa:>
4599,280,了手,iiau115seu52,iiau115seu52,<iiau115>sɤ52,iiau115seu52,forward_error;backward_error,unknown_final:iiau:iiau,unknown_ipa:<;unknown_ipa:>
4630,281,挑毛线,thiau33mhau55shien52,thiau33mhau55shien52,tʰiɒ33<mhau55>ɕiẽ52,thiau33mhau55shien52,forward_error;backward_error,unknown_final:hau:mhau,unknown_ipa:<;unknown_ipa:>
4631,281,结毛线,ciq3mhau55shien52,ciq3mhau55shien52,tɕieʔ3<mhau55>ɕiẽ52,ciq3mhau55shien52,forward_error;backward_error,unknown_final:hau:mhau,unknown_ipa:<;unknown_ipa:>
4655,282,黏,gnhien52,gnhien52,<gnhien52>,gnhien52,forward_error;backward_error,unknown_final:hien:gnhien,unknown_ipa:<;unknown_ipa:g;unknown_ipa:e;unknown_ipa:>
4721,284,拎水,ihin33sy55,ihin33sy55,<ihin33>sɿ55,ihin33sy55,forward_error;backward_error,unknown_final:ihin:ihin,unknown_ipa:<;unknown_ipa:>
4773,286,头唔有咽熟,deu11nh55yeu55ien55zoq54,deu11nh55yeu55ien55zoq54,dɤ11<nh55>ɦiɤ55iẽ55zoʔ54,deu11nh55yeu55ien55zoq54,forward_error;backward_error,unknown_final:h:nh,unknown_ipa:<;unknown_ipa:>
4800,287,生毛病,san33mhau55bin52,san33mhau55bin52,saŋ33<mhau55>biŋ52,san33mhau55bin52,forward_error;backward_error,unknown_final:hau:mhau,unknown_ipa:<;unknown_ipa:>
4862,289,看毛病,kheen33mhau33bin33,kheen33mhau33bin33,kʰẽ33<mhau33>biŋ33,kheen33mhau33bin33,forward_error;backward_error,unknown_final:hau:mhau,unknown_ipa:<;unknown_ipa:>
4876,290,扭痧,gnhieu335so52,gnhieu335so52,<gnhieu335>so52,gnhieu335so52,forward_error;backward_error,unknown_final:hieu:gnhieu,unknown_ipa:<;unknown_ipa:g;unknown_ipa:e;unknown_ipa:>
4878,290,推拿,the33nha52,the33nha52,tʰᴇ33<nha52>,the33nha52,forward_error;backward_error,unknown_final:ha:nha,unknown_ipa:<;unknown_ipa:>
4955,293,做肉,tso33gnio33,tso33gnio33,tso33ȵiɒ33,tso33gniau33,roundtrip_mismatch,ok,ok
5046,296,扭,gnhieu335,gnhieu335,<gnhieu335>,gnhieu335,forward_error;backward_error,unknown_final:hieu:gnhieu,unknown_ipa:<;unknown_ipa:g;unknown_ipa:e;unknown_ipa:>
5105,298,拍马屁,phaq3mha55phi52,phaq3mha55phi52,pʰaʔ3<mha55>pʰi52,phaq3mha55phi52,forward_error;backward_error,unknown_final:ha:mha,unknown_ipa:<;unknown_ipa:>
5200,301,摸暗弄堂,mhoq3een55lon55daon52,mhoq3een55lon55daon52,<mhoq3>ẽ55loŋ55dɒŋ52,mhoq3een55lon55daon52,forward_error;backward_error,unknown_final:hoq:mhoq,unknown_ipa:<;unknown_ipa:q;unknown_ipa:>
5201,301,唔有数咯,nh33yeu55su55koq54,nh33yeu55su55koq54,<nh33>ɦiɤ55su55koʔ54,nh33yeu55su55koq54,forward_error;backward_error,unknown_final:h:nh,unknown_ipa:<;unknown_ipa:>
5216,301,拎斗篮,ihin33teu55laen52,ihin33teu55laen52,<ihin33>tɤ55læ̃52,ihin33teu55laen52,forward_error;backward_error,unknown_final:ihin:ihin,unknown_ipa:<;unknown_ipa:>
5222,302,顺毛,zeen11mhau11,zeen11mhau11,zẽ11<mhau11>,zeen11mhau11,forward_error;backward_error,unknown_final:hau:mhau,unknown_ipa:<;unknown_ipa:>
5275,304,肉,gnio11,gnio11,ȵiɒ11,gniau11,roundtrip_mismatch,ok,ok
5298,304,拉纤,iha33chien52,iha33chien52,<iha33>tɕʰiẽ52,iha33chien52,forward_error;backward_error,unknown_final:iha:iha,unknown_ipa:<;unknown_ipa:>
5299,304,骑马,ji11mha52,ji11mha52,dʑi11<mha52>,ji11mha52,forward_error;backward_error,unknown_final:ha:mha,unknown_ipa:<;unknown_ipa:>
5376,307,摸青盲,mhoq3chin55ban52,mhoq3chin55ban52,<mhoq3>tɕʰiŋ55baŋ52,mhoq3chin55ban52,forward_error;backward_error,unknown_final:hoq:mhoq,unknown_ipa:<;unknown_ipa:q;unknown_ipa:>
5425,309,肉痛,gnio11thon11,gnio11thon11,ȵiɒ11tʰoŋ11,gniau11thon11,roundtrip_mismatch,ok,ok
5499,311,唔有,nh33yeu55,nh33yeu55,<nh33>ɦiɤ55,nh33yeu55,forward_error;backward_error,unknown_final:h:nh,unknown_ipa:<;unknown_ipa:>
5532,313,眯花眼笑,mhi33huo55ngaen55shiau52,mhi33huo55ngaen55shiau52,<mhi33>huo55ŋæ̃55ɕiɒ52,mhi33huo55ngaen55shiau52,forward_error;backward_error,unknown_final:hi:mhi,unknown_ipa:<;unknown_ipa:>
5640,316,黏,gnhien52,gnhien52,<gnhien52>,gnhien52,forward_error;backward_error,unknown_final:hien:gnhien,unknown_ipa:<;unknown_ipa:g;unknown_ipa:e;unknown_ipa:>
5654,317,蛮,mhaen52,mhaen52,<mhaen52>,mhaen52,forward_error;backward_error,unknown_final:haen:mhaen,unknown_ipa:<;unknown_ipa:e;unknown_ipa:>
5749,320,蛮,mhaen52,mhaen52,<mhaen52>,mhaen52,forward_error;backward_error,unknown_final:haen:mhaen,unknown_ipa:<;unknown_ipa:e;unknown_ipa:>
5764,321,气闷,chi33mheen33,chi33mheen33,tɕʰi33<mheen33>,chi33mheen33,forward_error;backward_error,unknown_final:heen:mheen,unknown_ipa:<;unknown_ipa:e;unknown_ipa:e;unknown_ipa:>
5823,323,拉带,iha33ta55,iha33ta55,<iha33>ta55,iha33ta55,forward_error;backward_error,unknown_final:iha:iha,unknown_ipa:<;unknown_ipa:>
5859,324,毛躁,mhau33tshau55,mhau33tshau55,<mhau33>tsʰɒ55,mhau33tshau55,forward_error;backward_error,unknown_final:hau:mhau,unknown_ipa:<;unknown_ipa:>
5902,326,闷,mheen52,mheen52,<mheen52>,mheen52,forward_error;backward_error,unknown_final:heen:mheen,unknown_ipa:<;unknown_ipa:e;unknown_ipa:e;unknown_ipa:>
5914,326,唔趣相,nh33chiu55shian52,nh33chiu55shian52,<nh33>tɕʰy55ɕiaŋ52,nh33chiu55shian52,forward_error;backward_error,unknown_final:h:nh,unknown_ipa:<;unknown_ipa:>
5924,326,小唧零零,shiau335ciq5ihin55ihin52,shiau335ciq5ihin55ihin52,ɕiɒ335tɕieʔ5<ihin55><ihin52>,shiau335ciq5ihin55ihin52,forward_error;backward_error,unknown_final:ihin:ihin;unknown_final:ihin:ihin,unknown_ipa:<;unknown_ipa:>;unknown_ipa:<;unknown_ipa:>
5934,327,寒毛凛凛,gheen11mhau55lin55lin52,gheen11mhau55lin55lin52,ɦẽ11<mhau55>liŋ55liŋ52,gheen11mhau55lin55lin52,forward_error;backward_error,unknown_final:hau:mhau,unknown_ipa:<;unknown_ipa:>
5980,328,零,ihin52,ihin52,<ihin52>,ihin52,forward_error;backward_error,unknown_final:ihin:ihin,unknown_ipa:<;unknown_ipa:>
6016,330,一百零一,iq3paq5ihin55iq54,iq3paq5ihin55iq54,ieʔ3paʔ5<ihin55>ieʔ54,iq3paq5ihin55iq54,forward_error;backward_error,unknown_final:ihin:ihin,unknown_ipa:<;unknown_ipa:>
6044,331,毛,mhau52,mhau52,<mhau52>,mhau52,forward_error;backward_error,unknown_final:hau:mhau,unknown_ipa:<;unknown_ipa:>
6066,331,末丫,mheq3ia52,mheq3ia52,<mheq3>ia52,mheq3ia52,forward_error;backward_error,unknown_final:heq:mheq,unknown_ipa:<;unknown_ipa:e;unknown_ipa:q;unknown_ipa:>
6067,331,末,mheq45,mheq45,<mheq45>,mheq45,forward_error;backward_error,unknown_final:heq:mheq,unknown_ipa:<;unknown_ipa:e;unknown_ipa:q;unknown_ipa:>
6068,332,埒尿末,laeq1shi55mheq54,laeq1shi55mheq54,læʔ1ɕi55<mheq54>,laeq1shi55mheq54,forward_error;backward_error,unknown_final:heq:mheq,unknown_ipa:<;unknown_ipa:e;unknown_ipa:q;unknown_ipa:>
6122,334,指黏状物,tsy335gnhien55dzaon55veq54,tsy335gnhien55dzaon55veq54,tsɿ335<gnhien55>dzɒŋ55veʔ54,tsy335gnhien55dzaon55veq54,forward_error;backward_error,unknown_final:hien:gnhien,unknown_ipa:<;unknown_ipa:g;unknown_ipa:e;unknown_ipa:>
6224,338,那些,nha33soeq5,nha33soeq5,<nha33>søʔ5,nha33soeq5,forward_error;backward_error,unknown_final:ha:nha,unknown_ipa:<;unknown_ipa:>
6229,338,那个人,nha33ko55zeen52,nha33ko55zeen52,<nha33>ko55zẽ52,nha33ko55zeen52,forward_error;backward_error,unknown_final:ha:nha,unknown_ipa:<;unknown_ipa:>
6240,338,那边,nha33pien52,nha33pien52,<nha33>piẽ52,nha33pien52,forward_error;backward_error,unknown_final:ha:nha,unknown_ipa:<;unknown_ipa:>
6305,341,蛮,mhaen52,mhaen52,<mhaen52>,mhaen52,forward_error;backward_error,unknown_final:haen:mhaen,unknown_ipa:<;unknown_ipa:e;unknown_ipa:>
6306,341,蛮蛮,mhaen33mhaen52,mhaen33mhaen52,<mhaen33><mhaen52>,mhaen33mhaen52,forward_error;backward_error,unknown_final:haen:mhaen;unknown_final:haen:mhaen,unknown_ipa:<;unknown_ipa:e;unknown_ipa:>;unknown_ipa:<;unknown_ipa:e;unknown_ipa:>
6325,341,毛,mhau52,mhau52,<mhau52>,mhau52,forward_error;backward_error,unknown_final:hau:mhau,unknown_ipa:<;unknown_ipa:>
6334,342,大约摸,da11iaq1mhoq1,da11iaq1mhoq1,da11iaʔ1<mhoq1>,da11iaq1mhoq1,forward_error;backward_error,unknown_final:hoq:mhoq,unknown_ipa:<;unknown_ipa:q;unknown_ipa:>
6425,345,大约摸,da11iaq1mhoq1,da11iaq1mhoq1,da11iaʔ1<mhoq1>,da11iaq1mhoq1,forward_error;backward_error,unknown_final:hoq:mhoq,unknown_ipa:<;unknown_ipa:q;unknown_ipa:>
6443,346,唔有,nh33yeu55,nh33yeu55,<nh33>ɦiɤ55,nh33yeu55,forward_error;backward_error,unknown_final:h:nh,unknown_ipa:<;unknown_ipa:>
6511,348,末,mheq45,mheq45,<mheq45>,mheq45,forward_error;backward_error,unknown_final:heq:mheq,unknown_ipa:<;unknown_ipa:e;unknown_ipa:q;unknown_ipa:>
6527,349,末,mheq45,mheq45,<mheq45>,mheq45,forward_error;backward_error,unknown_final:heq:mheq,unknown_ipa:<;unknown_ipa:e;unknown_ipa:q;unknown_ipa:>
6545,350,唔,nh52,nh52,<nh52>,nh52,forward_error;backward_error,unknown_final:h:nh,unknown_ipa:<;unknown_ipa:>
6546,350,唔高,nh33kau52,nh33kau52,<nh33>kɒ52,nh33kau52,forward_error;backward_error,unknown_final:h:nh,unknown_ipa:<;unknown_ipa:>
6556,350,唔,nh52,nh52,<nh52>,nh52,forward_error;backward_error,unknown_final:h:nh,unknown_ipa:<;unknown_ipa:>
6557,350,呶,nhau52,nhau52,<nhau52>,nhau52,forward_error;backward_error,unknown_final:hau:nhau,unknown_ipa:<;unknown_ipa:>
6558,350,呶,nhau52,nhau52,<nhau52>,nhau52,forward_error;backward_error,unknown_final:hau:nhau,unknown_ipa:<;unknown_ipa:>
6562,351,唔异议,nh33zhi55gni52,nh33zhi55gni52,<nh33>ʑi55ȵi52,nh33zhi55gni52,forward_error;backward_error,unknown_final:h:nh,unknown_ipa:<;unknown_ipa:>
